#Doctor|Doctor Full Name|DoctorTitle|DoctorLastname|DoctorFirstname
1|Dr ANTOUN Zeina|Dr|ANTOUN|ZEINA
2|Dr AUFFRAY J Christian|Dr|AUFFRAY|J CHRISTIAN
3|Dr BACHELARD Antoine|Dr|BACHELARD|Antoine
4|Dr BELHOUARI Katia|Dr|BELHOUARI|KATIA
5|Dr BENHARD Johan|Dr|BENHARD|Johan
6|Dr BERNARD Laurène|Dr|BERNARD|Laurène
7|Dr BLEIBTREU Alexandre|Dr|BLEIBTREU|Alexandre
8|Dr BOUBEZARI Imane|Dr|BOUBEZARI|IMANE
9|Dr CASTANEDO Gerald|Dr|CASTANEDO|GERALD
10|Dr CAUMES Eric|Dr|CAUMES|ERIC
11|Dr CHASPOUL M Madeleine|Dr|CHASPOUL|M MADELEINE
12|Dr DECONINCK Laurene|Dr|DECONINCK|Laurene
13|Dr DELANOE Clelia|Dr|DELANOE|CLELIA
14|Dr D'ORTENZIO Eric|Dr|D'ORTENZIO|ERIC
15|Dr DUBERT Marie|Dr|DUBERT|Marie
16|Dr EL AMINE DEMNATI Hind|Dr|EL AMINE DEMNATI|HIND
17|Dr FAYCAL Antoine|Dr|FAYCAL|ANTOINE
18|Dr GHOSN Jad|Dr|GHOSN|JAD
19|Dr GILBERT Marie|Dr|GILBERT|Marie
20|Dr GOBILLOT Heloise|Dr|GOBILLOT|Heloise
21|Dr GODEFROY Nagisa|Dr|GODEFROY|NAGISA
22|Dr GRIVOIS Jean-Philippe|Dr|GRIVOIS|JEAN-PHILIPPE
23|Dr GRUMEL Golriz|Dr|GRUMEL|GOLRIZ
24|Dr HASSANE Yannis|Dr|HASSANE|Yannis
25|Dr HENRIET Anais|Dr|HENRIET|Anais
26|Dr HU Alice|Dr|HU|Alice
27|Dr ISERNIA Valentina|Dr|ISERNIA|Valentina
28|Dr ISMAEL Sophie|Dr|ISMAEL|Sophie
29|Dr ITANI Oula|Dr|ITANI|OULA
30|Dr JESTIN Christine|Dr|JESTIN|Christine
31|Dr JOLY Veronique|Dr|JOLY|VERONIQUE
32|Dr KATLAMA Christine|Dr|KATLAMA|CHRISTINE
33|Dr KLEMENT Elise Marie|Dr|KLEMENT|ELISE MARIE
34|Dr KORNBLUM Dimitri|Dr|KORNBLUM|Dimitri
35|Dr KTORZA Nadine|Dr|KTORZA|NADINE
36|Dr LANDMAN Roland|Dr|LANDMAN|ROLAND
37|Dr LARIVEN Sylvie|Dr|LARIVEN|SYLVIE
38|Dr LAVAGNA Pauline|Dr|LAVAGNA|Pauline
39|Dr LEPORT Catherine|Dr|LEPORT|CATHERINE
40|Dr LEPRETRE Annie|Dr|LEPRETRE|ANNIE
41|Dr LESCURE Xavier|Dr|LESCURE|Xavier
42|Dr MAILLET Mathurin|Dr|MAILLET|Mathurin
43|Dr MAKHLOUFI Sabrina|Dr|MAKHLOUFI|SABRINA
44|Dr MARQUES Elodie|Dr|MARQUES|Elodie
45|Dr MASGNAUX Carole|Dr|MASGNAUX|Carole
46|Dr MASSE Virginie|Dr|MASSE|Virginie
47|Dr MATHERON Sophie|Dr|MATHERON|SOPHIE
48|Dr MATRA Robert|Dr|MATRA|ROBERT
49|Dr MAYER Emilie|Dr|MAYER|Emilie
50|Dr MENEL Margaux|Dr|MENEL|Margaux
51|Dr MERIC Vincent|Dr|MERIC|Vincent
52|Dr MICHARD Florence|Dr|MICHARD|FLORENCE
53|Dr MOAL Lallie|Dr|MOAL|Lallie
54|Dr MONSEL Gentiane|Dr|MONSEL|GENTIANE
55|Dr NOUCHI Agathe|Dr|NOUCHI|AGATHE
57|Dr OHAYON Johanna|Dr|OHAYON|Johanna
58|Dr ONG Valentin|Dr|ONG|Valentin
59|Dr PACCOUD Olivier|Dr|PACCOUD|OLIVIER
60|Dr PAJAUD PASSE-COUTRIN Priscila|Dr|PAJAUD PASSE-COUTRIN|PRISCILA
61|Dr PALICH Romain|Dr|PALICH|ROMAIN
62|Dr PAPAZIAN Patrick|Dr|PAPAZIAN|Patrick
63|Dr PARIS Melodie|Dr|PARIS|Melodie
64|Dr PARISEY Marion|Dr|PARISEY|Marion
65|Dr POEY Nora|Dr|POEY|Nora
66|Dr POURCHER Valerie|Dr|POURCHER|VALERIE
67|Dr PREVOT Marie-Hélène|Dr|PREVOT|Marie-Hélène
68|Dr PUGET Sophie|Dr|PUGET|SOPHIE
69|Dr RACHLINE Anne|Dr|RACHLINE|Anne
70|Dr RALAIMAZAVA Pascal|Dr|RALAIMAZAVA|PASCAL
71|Dr RIOUX Christophe|Dr|RIOUX|CHRISTOPHE
72|Dr SAUTEREAU Aurélie|Dr|SAUTEREAU|Aurélie
73|Dr SEANG Sophie|Dr|SEANG|SOPHIE
74|Dr SEMENOV Anna|Dr|SEMENOV|Anna
75|Dr TEBANO Gianpiero|Dr|TEBANO|GIANPIERO
76|Dr THIZY Guillaume|Dr|THIZY|Guillaume
77|Dr TUBIANA Roland|Dr|TUBIANA|ROLAND
78|Dr VALANTIN Marc Antoine|Dr|VALANTIN|MARC ANTOINE
79|Dr VERGELY Olivier|Dr|VERGELY|OLIVIER
80|Dr WAKIM Yara|Dr|WAKIM|Yara
81|Dr YAZDANPANAH Yazdan|Dr|YAZDANPANAH|YAZDAN
82|Dr SCHNEIDER Luminata|Dr|SCHNEIDER|Luminata
83|Dr CHERMAK Aziza|Dr|CHERMAK|Aziza
84|Dr AIM-EUSEBI Amélie|Dr|AIM-EUSEBI|Amélie
85|Dr LEBEL Josselin|Dr|LEBEL|Josselin
86|Dr VUARIN Patricia|Dr|VUARIN|Patricia
87|Dr MATEO Joaquim|Dr|MATEO|Joaquim
88|Dr DEYE Nicolas|Dr|DEYE|Nicolas
89|Dr MEBAZAA Alexandre|Dr|MEBAZAA|Alexandre
90|Dr EKHERIAN Jean Michel|Dr|EKHERIAN|Jean Michel
91|Dr MORET Catherine|Dr|MORET|Catherine
92|Dr POIRIER-GLANDIER Nathalie|Dr|POIRIER-GLANDIER|Nathalie
93|Dr MEGARBANE Bruno|Dr|MEGARBANE|Bruno
94|Dr MALISSIN Isabelle|Dr|MALISSIN|Isabelle
95|Dr KIMMOUN Antoine|Dr|KIMMOUN|Antoine
96|Dr RICHE Florence|Dr|RICHE|Florence
97|Dr ROSSIGNOL Mathias|Dr|ROSSIGNOL|Mathias
98|Dr SCHURANDO Patrick|Dr|SCHURANDO|Patrick
99|Dr VALLEE Fabrice|Dr|VALLEE|Fabrice
100|Dr TAYLOR William|Dr|TAYLOR|William
101|Dr VOICU Sebastian|Dr|VOICU|Sebastian
102|Dr GRANT Caroline|Dr|GRANT|Caroline
103|Dr SUTTERLIN Laetitia|Dr|SUTTERLIN|Laetitia
104|Dr PEPIN LEHALLEUR Adrien|Dr|PEPIN LEHALLEUR|Adrien
105|Dr RABUEL Christophe|Dr|RABUEL|Christophe
106|Dr MAGALHAES Adele|Dr|MAGALHAES|Adele
107|Dr KECHICHE Abdelhakim|Dr|KECHICHE|Abdelhakim
108|Dr GRIENAY Marion|Dr|GRIENAY|Marion
109|Dr BURG-MAYEUR Claire|Dr|BURG-MAYEUR|Claire
110|Dr GAYAT Etienne|Dr|GAYAT|Etienne
111|Dr GONDE Antoine|Dr|GONDE|Antoine
112|Dr PERAULT Arthur|Dr|PERAULT|Arthur
113|Dr PIGNATARO Claudia|Dr|PIGNATARO|Claudia
114|Dr NITENBERG Kiyoko|Dr|NITENBERG|Kiyoko
115|Dr LE DORZE Matthieu|Dr|LE DORZE|Matthieu
116|Dr RENAUX Maxime|Dr|RENAUX|Maxime
117|Dr BOUJLEL-BAKHTAOUI Sihem|Dr|BOUJLEL-BAKHTAOUI|Sihem
118|Dr COPIE Alban|Dr|COPIE|Alban
119|Dr CHOUSTERMAN Benjamin Glenn|Dr|CHOUSTERMAN|Benjamin Glenn
120|Dr HUOT Benjamin|Dr|HUOT|Benjamin
121|Dr GAUGAIN Samuel|Dr|GAUGAIN|Samuel
122|Dr PERRIN Lucile|Dr|PERRIN|Lucile
123|Dr CAILLARD Anais|Dr|CAILLARD|Anais
124|Dr NAIM Giulia|Dr|NAIM|Giulia
125|Dr KERDJANA Lamia|Dr|KERDJANA|Lamia
126|Dr NANAI Oussama|Dr|NANAI|Oussama
127|Dr DAGOIS Sophie|Dr|DAGOIS|Sophie
128|Dr SOYER Benjamin|Dr|SOYER|Benjamin
129|Dr KATIMS Mathilde|Dr|KATIMS|Mathilde
130|Dr PETRE SOLDAN Mihaela Florentina|Dr|PETRE SOLDAN|Mihaela Florentina
131|Dr ARCELLI Matteo|Dr|ARCELLI|Matteo
132|Dr TIEPOLO Ambre|Dr|TIEPOLO|Ambre
133|Dr COLLET Magalie|Dr|COLLET|Magalie
134|Dr HONG Alex|Dr|HONG|Alex
135|Dr LEVE Charlotte|Dr|LEVE|Charlotte
136|Dr LEVE Charlotte|Dr|LEVE|Charlotte
137|Dr BROUNS Kelly|Dr|BROUNS|Kelly
138|Dr DAHDOUH Souheila|Dr|DAHDOUH|Souheila
139|Dr BARTHELEMY Romain|Dr|BARTHELEMY|Romain
140|Dr EVANO Malorie|Dr|EVANO|Malorie
141|Dr GALLAIS Pauline|Dr|GALLAIS|Pauline
142|Dr LE GALL Arthur|Dr|LE GALL|Arthur
143|Dr SAMET Mohamed|Dr|SAMET|Mohamed
144|Dr ERRABIH Zaccaria|Dr|ERRABIH|Zaccaria
145|Dr BORSALI Ainsil Beaouda|Dr|BORSALI|Ainsil Beaouda
146|Dr IORDACHE Ileana|Dr|IORDACHE|Ileana
147|Dr IORDACHE Ileana|Dr|IORDACHE|Ileana
148|Dr TABY Sarah|Dr|TABY|Sarah
149|Dr JOACHIM Jona|Dr|JOACHIM|Jona
150|Dr COSTEY Coralie|Dr|COSTEY|Coralie
151|Dr LOPES Jean-Paul|Dr|LOPES|Jean-Paul
152|Dr DAVID Chloe|Dr|DAVID|Chloe
153|Dr BOUTIN Louis|Dr|BOUTIN|Louis
154|Dr TOUCHARD Cyril|Dr|TOUCHARD|Cyril
155|Dr ANTONIETTI Julien|Dr|ANTONIETTI|Julien
156|Dr FONT Fabien Georges|Dr|FONT|Fabien Georges
157|Dr GALY Raphaelle|Dr|GALY|Raphaelle
158|Dr BOURASSI Nadia|Dr|BOURASSI|Nadia
159|Dr BELLET Anna|Dr|BELLET|Anna
160|Dr HARIM Rabha Magda|Dr|HARIM|Rabha Magda
161|Dr BELLARD Julie|Dr|BELLARD|Julie
162|Dr BERGER Sarah|Dr|BERGER|Sarah
163|Dr DELIERE Maxime|Dr|DELIERE|Maxime
164|Dr PAPAPANAYOTOU Ioannis|Dr|PAPAPANAYOTOU|Ioannis
165|Dr WANG Juliette|Dr|WANG|Juliette
166|Dr BORDIER Raphaelle|Dr|BORDIER|Raphaelle
167|Dr DE CARRERE Wandrille|Dr|DE CARRERE|Wandrille
168|Dr HARLE Theophile|Dr|HARLE|Theophile
169|Dr BEAUCOTE Victor|Dr|BEAUCOTE|Victor
170|Dr IDIR-GRUBO Imene|Dr|IDIR-GRUBO|Imene
171|Dr AKROUR Yanis|Dr|AKROUR|Yanis
172|Dr OUVRAT Margot|Dr|OUVRAT|Margot
173|Dr MAROSELLI Hugo|Dr|MAROSELLI|Hugo
174|Dr CLAPIN Sixtine|Dr|CLAPIN|Sixtine
175|Dr LAJOUANIE Paul|Dr|LAJOUANIE|Paul
176|Dr BLOT Pierre Louis|Dr|BLOT|Pierre Louis
177|Dr LOREAU Chine|Dr|LOREAU|Chine
178|Dr ALDANDACHI Ghanima|Dr|ALDANDACHI|Ghanima
179|Dr AMADOR BORRERO Blanca|Dr|AMADOR BORRERO|Blanca
180|Dr APARICIO Caroline|Dr|APARICIO|Caroline
181|Dr ARROUBI Alham|Dr|ARROUBI|Alham
182|Dr AVENEAU Clement|Dr|AVENEAU|Clement
183|Dr HAMMOUM Pierre|Dr|HAMMOUM|Pierre
184|Dr ABBAS Leila|Dr|ABBAS|Leila
185|Dr BADSI Esma|Dr|BADSI|Esma
186|Dr AYASSE Timothee|Dr|AYASSE|Timothee
187|Dr DARRASSE Sophia|Dr|DARRASSE|Sophia
188|Dr KEMOUN Gabriel|Dr|KEMOUN|Gabriel
189|Dr ARRIGONI MAROCCO Stefano|Dr|ARRIGONI MAROCCO|Stefano
190|Dr MIRY Loic|Dr|MIRY|Loic
191|Dr BAKKOUCH Abderrahmane|Dr|BAKKOUCH|Abderrahmane
192|Dr BASSE Pierre|Dr|BASSE|Pierre
193|Dr BALKAN Suna|Dr|BALKAN|Suna
194|Dr BEN YAKHLEF Yassine|Dr|BEN YAKHLEF|Yassine
195|Dr BARBEAU Guillaume Paul|Dr|BARBEAU|Guillaume Paul
196|Dr BEITZ Marie|Dr|BEITZ|Marie
197|Dr BENKEMOUN Fanny|Dr|BENKEMOUN|Fanny
198|Dr LAMORE Mathilde|Dr|LAMORE|Mathilde
199|Dr BOGHEZ Loredana|Dr|BOGHEZ|Loredana
200|Dr FRIBERG Andreas|Dr|FRIBERG|Andreas
201|Dr ROBILLIARD Antoinette|Dr|ROBILLIARD|Antoinette
202|Dr BONNAMOUR Beatrix|Dr|BONNAMOUR|Beatrix
203|Dr AIT MOULA Lisa|Dr|AIT MOULA|Lisa
204|Dr LE PAGE Reginald|Dr|LE PAGE|Reginald
205|Dr DUPOUX Aurelie|Dr|DUPOUX|Aurelie
206|Dr MONESTIER Emma|Dr|MONESTIER|Emma
207|Dr MUHAMMAD Kushf|Dr|MUHAMMAD|Kushf
208|Dr MOOKHERJEE Hari|Dr|MOOKHERJEE|Hari
209|Dr NOUBISSIE Orianne|Dr|NOUBISSIE|Orianne
210|Dr PHAN THANH Quoc Bao|Dr|PHAN THANH|Quoc Bao
211|Dr WENTZEL Klara|Dr|WENTZEL|Klara
212|Dr BORDERIOU Alix|Dr|BORDERIOU|Alix
213|Dr BOUDAA Moussa|Dr|BOUDAA|Moussa
214|Dr BOURAS Leila|Dr|BOURAS|Leila
215|Dr BURLACU Ruxandra|Dr|BURLACU|Ruxandra
216|Dr MAJDLING Alena|Dr|MAJDLING|Alena
217|Dr MESNIL Celine|Dr|MESNIL|Celine
218|Dr MIMOUNI Mohamed Karim|Dr|MIMOUNI|Mohamed Karim
219|Dr MOULY Stephane|Dr|MOULY|Stephane
220|Dr OHANA Benjamin|Dr|OHANA|Benjamin
221|Dr CHAUVIN Anthony|Dr|CHAUVIN|Anthony
222|Dr OULED Nora|Dr|OULED|Nora
223|Dr PERCIE DU SERT Marie France|Dr|PERCIE DU SERT|Marie France
224|Dr PERIANES PAJARES Carmen|Dr|PERIANES PAJARES|Carmen
225|Dr CONWAY Paul|Dr|CONWAY|Paul
226|Dr DAFFOS Quentin|Dr|DAFFOS|Quentin
227|Dr DANCIU Elena Roxana|Dr|DANCIU|Elena Roxana
228|Dr PLAISANCE Patrick|Dr|PLAISANCE|Patrick
229|Dr DELCEY Veronique|Dr|DELCEY|Veronique
230|Dr PLAISANCE Robin|Dr|PLAISANCE|Robin
231|Dr POURQUERY Marina|Dr|POURQUERY|Marina
232|Dr RAMI Agathe|Dr|RAMI|Agathe
233|Dr RASTOIN Anna|Dr|RASTOIN|Anna
234|Dr RATNAM Tulasiga|Dr|RATNAM|Tulasiga
235|Dr RENARD Margaux|Dr|RENARD|Margaux
236|Dr REVUE Eric|Dr|REVUE|Eric
237|Dr RIPS Nicolas|Dr|RIPS|Nicolas
238|Dr RUBENSTEIN Emma|Dr|RUBENSTEIN|Emma
239|Dr SAKHRI Khalil|Dr|SAKHRI|Khalil
240|Dr SAPTEFRAT Natalia|Dr|SAPTEFRAT|Natalia
241|Dr SCHAUPP Pauline|Dr|SCHAUPP|Pauline
242|Dr SCHWARTZ Mathieu|Dr|SCHWARTZ|Mathieu
243|Dr SELLIER Pierre-Olivier|Dr|SELLIER|Pierre-Olivier
244|Dr SICA Gabriel|Dr|SICA|Gabriel
245|Dr SILAR Camille|Dr|SILAR|Camille
246|Dr SIMONEAU Guy|Dr|SIMONEAU|Guy
247|Dr SOUFANE Hani|Dr|SOUFANE|Hani
248|Dr STOCCO Cecile|Dr|STOCCO|Cecile
249|Dr TRECA Pauline|Dr|TRECA|Pauline
250|Dr TRINQUE Baptiste|Dr|TRINQUE|Baptiste
251|Dr TUFFIER Mathilde|Dr|TUFFIER|Mathilde
252|Dr VANNIER Mathilde|Dr|VANNIER|Mathilde
253|Dr VILLENEUVE Jeanne|Dr|VILLENEUVE|Jeanne
254|Dr TRAVERS Guilhem|Dr|TRAVERS|Guilhem
255|Dr WANNEGUE Laura|Dr|WANNEGUE|Laura
256|Dr WEIL Alice|Dr|WEIL|Alice
257|Dr WORMSER Eleonore|Dr|WORMSER|Eleonore
258|Dr ZERROUKI Heidy|Dr|ZERROUKI|Heidy
259|Dr ZIENKIEWICZ Matthieu|Dr|ZIENKIEWICZ|Matthieu
260|Dr DEPIL DUVAL Arnaud|Dr|DEPIL DUVAL|Arnaud
261|Dr DEPOND Audrey|Dr|DEPOND|Audrey
262|Dr DIEMER Myriam|Dr|DIEMER|Myriam
263|Dr DUPRE LA TOUR Alexandra|Dr|DUPRE LA TOUR|Alexandra
264|Dr EYER Xavier|Dr|EYER|Xavier
265|Dr FERRAGUTI Aurelia|Dr|FERRAGUTI|Aurelia
266|Dr FISZBIN Maurice|Dr|FISZBIN|Maurice
267|Dr FRAPPA Murielle|Dr|FRAPPA|Murielle
268|Dr GALICHON Bertrand|Dr|GALICHON|Bertrand
269|Dr GALLAND Joris|Dr|GALLAND|Joris
270|Dr GALTIER Veronique|Dr|GALTIER|Veronique
271|Dr GAUTIER Maxime|Dr|GAUTIER|Maxime
272|Dr HANSCONRAD Erwin|Dr|HANSCONRAD|Erwin
273|Dr JOUABLI Moenes|Dr|JOUABLI|Moenes
274|Dr KALAYAN Camille|Dr|KALAYAN|Camille
275|Dr LAHAYE Claire|Dr|LAHAYE|Claire
276|Dr LEONARD COLLADO Arthur|Dr|LEONARD COLLADO|Arthur
277|Dr LEROY Pierre|Dr|LEROY|Pierre
278|Dr LOEUNG Hoang Uyen|Dr|LOEUNG|Hoang Uyen
279|Dr LOPES Amanda|Dr|LOPES|Amanda
280|Dr LY Axelle|Dr|LY|Axelle
281|Dr MAJDLING Alena|Dr|MAJDLING|Alena
282|Dr GIRARD Guillaume|Dr|GIRARD|Guillaume
283|Dr MANDA Victoria|Dr|MANDA|Victoria
284|Dr BRULE Sophie|Dr|BRULE|Sophie
285|Dr MEYER Marie|Dr|MEYER|Marie
286|Dr MEZRAANI Julian|Dr|MEZRAANI|Julian
287|BUGAREL-HELLEQUIN Clara||BUGAREL-HELLEQUIN|Clara
288|CAJEE Nawra||CAJEE|Nawra
289|Dr MURALEETHARAN Nilakshini|Dr|MURALEETHARAN|Nilakshini
290|CAPUT Charles||CAPUT|Charles
291|CAZENAVE Michel Gabriel||CAZENAVE|Michel Gabriel
292|CHERPIN Elisa||CHERPIN|Elisa
293|Dr NEXON Anne-Laure|Dr|NEXON|Anne-Laure
294|CHIM Vanessa||CHIM|Vanessa
295|COHEN Yonathan||COHEN|Yonathan
296|CORDA Morgane||CORDA|Morgane
297|Dr OUHAB Illies|Dr|OUHAB|Illies
298|COUTON Charline||COUTON|Charline
299|CUAU Samuel||CUAU|Samuel
300|DA ROCHA MIRANDA Maria Claudia||DA ROCHA MIRANDA|Maria Claudia
301|Dr PESTEL Juliette Claire Marie|Dr|PESTEL|Juliette Claire Marie
302|DAMIEN ANGO Doreen||DAMIEN ANGO|Doreen
303|DANG Christophe||DANG|Christophe
304|FRIQUET Marion||FRIQUET|Marion
305|GIOLITO Anna||GIOLITO|Anna
306|Dr PITET Ferdinand|Dr|PITET|Ferdinand
307|GOEMANS Armelle||GOEMANS|Armelle
308|GRANDE LOGEON Alexandre||GRANDE LOGEON|Alexandre
309|Dr RABANY Julien|Dr|RABANY|Julien
310|HADDAB Sonia||HADDAB|Sonia
311|MARROUA Rachida||MARROUA|Rachida
312|Dr RAFFAELLI Marta|Dr|RAFFAELLI|Marta
313|Dr SILIOGKA Elina|Dr|SILIOGKA|Elina
314|Dr SOUMARE Alice|Dr|SOUMARE|Alice
315|Dr TEK Boroddy|Dr|TEK|Boroddy
316|Dr VUILLEMIN Marie|Dr|VUILLEMIN|Marie
317|Dr WALTHER Milena|Dr|WALTHER|Milena
318|Dr WEILL Sacha|Dr|WEILL|Sacha
319|Dr WILHELM Jeremie|Dr|WILHELM|Jeremie
320|MAZET Rose||MAZET|Rose
321|Dr YONG Sindy|Dr|YONG|Sindy
322|Dr ABDEL AL Anas|Dr|ABDEL AL|Anas
323|Dr LACOMBE Karine|Dr|LACOMBE|Karine
324|Dr ADDOU Beghdad|Dr|ADDOU|Beghdad
325|Dr LALLEMAND Francis|Dr|LALLEMAND|Francis
326|Dr AGATHE NERINE Nais|Dr|AGATHE NERINE|Nais
327|Dr LASNE Vincent|Dr|LASNE|Vincent
328|Dr ASCIONE Sophia|Dr|ASCIONE|Sophia
329|Dr LAZERGUES Clara|Dr|LAZERGUES|Clara
330|Dr BARD Anne Sophie|Dr|BARD|Anne Sophie
331|Dr BAYLAC Pierre|Dr|BAYLAC|Pierre
332|Dr LEBRETTE Marie-Gisele|Dr|LEBRETTE|Marie-Gisele
333|Dr BEHTASH Ariana|Dr|BEHTASH|Ariana
334|Dr LEFEBVRE Benedicte|Dr|LEFEBVRE|Benedicte
335|Dr BELAN Adrien|Dr|BELAN|Adrien
336|Dr LEGENDRE Nicolas|Dr|LEGENDRE|Nicolas
337|Dr BERREBI Paul|Dr|BERREBI|Paul
338|Dr BIDEAULT Herve|Dr|BIDEAULT|Herve
339|Dr LEJEUNE Celine|Dr|LEJEUNE|Celine
340|Dr LEUNG Ines|Dr|LEUNG|Ines
341|Dr BOIZE Julien|Dr|BOIZE|Julien
342|Dr LEVECQUE Karine|Dr|LEVECQUE|Karine
343|Dr BOLLENS Diane|Dr|BOLLENS|Diane
344|Dr MANAMANI Jaffar|Dr|MANAMANI|Jaffar
345|Dr BONIER Colombine|Dr|BONIER|Colombine
346|Dr BONNETON Marion|Dr|BONNETON|Marion
347|Dr MARTIN Camille|Dr|MARTIN|Camille
348|Dr BOUDJEMIA Ferroudja|Dr|BOUDJEMIA|Ferroudja
349|Dr BRIGANT Fabien|Dr|BRIGANT|Fabien
350|Dr MARTIN DE VAUXMORET Claire|Dr|MARTIN DE VAUXMORET|Claire
351|Dr CAMPA Pauline|Dr|CAMPA|Pauline
352|Dr MEUNIER Emilie|Dr|MEUNIER|Emilie
353|Dr CHAILLET Muriel|Dr|CHAILLET|Muriel
354|Dr MEYNARD Jean-Luc|Dr|MEYNARD|Jean-Luc
355|Dr CHIARABINI Thibault|Dr|CHIARABINI|Thibault
356|Dr MEYOHAS Marie-Caroline|Dr|MEYOHAS|Marie-Caroline
357|Dr COSTES Yolaine|Dr|COSTES|Yolaine
358|Dr MILLE Clemence|Dr|MILLE|Clemence
359|Dr COUTURE Priscille|Dr|COUTURE|Priscille
360|Dr MURET Alexandre|Dr|MURET|Alexandre
361|Dr CURY Nicolas|Dr|CURY|Nicolas
362|Dr DEBUC Erwan|Dr|DEBUC|Erwan
363|Dr NOEL Florent|Dr|NOEL|Florent
364|Dr DEMEESTER Antoine|Dr|DEMEESTER|Antoine
365|Dr DEVRED Ines|Dr|DEVRED|Ines
366|Dr OUAZENE Zineb|Dr|OUAZENE|Zineb
367|Dr PACANOWSKI Jerome|Dr|PACANOWSKI|Jerome
368|Dr DUGUET Theo|Dr|DUGUET|Theo
369|Dr ESHAGH Deborah|Dr|ESHAGH|Deborah
370|Dr PATERON Dominique|Dr|PATERON|Dominique
371|Dr FAYAND Antoine|Dr|FAYAND|Antoine
372|Dr PONS Romane|Dr|PONS|Romane
373|Dr FONQUERNIE Laurent|Dr|FONQUERNIE|Laurent
374|Dr FOULON GRUMBACH Lorraine|Dr|FOULON GRUMBACH|Lorraine
375|Dr RAYNAL Pierre-Alexis|Dr|RAYNAL|Pierre-Alexis
376|Dr GEFFRIER Felicite|Dr|GEFFRIER|Felicite
377|Dr RICHIER Quentin|Dr|RICHIER|Quentin
378|Dr GIRARD Pierre Marie|Dr|GIRARD|Pierre Marie
379|Dr GOEAU-BRISSONNIERE Marc|Dr|GOEAU-BRISSONNIERE|Marc
380|Dr RONDEAU Paul|Dr|RONDEAU|Paul
381|Dr GOETSCHEL Agnes|Dr|GOETSCHEL|Agnes
382|Dr ROUCHE Jessica|Dr|ROUCHE|Jessica
383|Dr HERMAND Christelle|Dr|HERMAND|Christelle
384|Dr SEHIMI Fatima|Dr|SEHIMI|Fatima
385|Dr SOBOTKA Jennifer|Dr|SOBOTKA|Jennifer
386|Dr SOBOTKA Jennifer|Dr|SOBOTKA|Jennifer
387|Dr INGILIZ Patrick|Dr|INGILIZ|Patrick
388|Dr STAMBOUL Sarah|Dr|STAMBOUL|Sarah
389|Dr KHIARI Mehdi|Dr|KHIARI|Mehdi
390|Dr SURGERS Laure|Dr|SURGERS|Laure
391|Dr KRAUSE Jessica|Dr|KRAUSE|Jessica
392|Dr THIEBAUD Pierre-Clement|Dr|THIEBAUD|Pierre-Clement
393|Dr TOURNON Clement|Dr|TOURNON|Clement
394|Dr MUNIER Anne-Lise|Dr|MUNIER|Anne-Lise
395|Dr VALIN Nadia|Dr|VALIN|Nadia
396|Dr VINCENSINI Jean-Paul|Dr|VINCENSINI|Jean-Paul
397|Dr YEFSAH Sofiane|Dr|YEFSAH|Sofiane
398|Dr YORDANOV Youri|Dr|YORDANOV|Youri
399|Dr ZAK Cathia|Dr|ZAK|Cathia
400|Dr VIGOUROUX Agathe Laure|Dr|VIGOUROUX|Agathe Laure
401|Dr ZARKA Loraine|Dr|ZARKA|Loraine
402|Dr NGUYEN Alexandre|Dr|NGUYEN|Alexandre
403|Dr AWDE Ali|Dr|AWDE|Ali
404|Dr MEKINIAN Arsene|Dr|MEKINIAN|Arsene
405|Dr TIEU Ashley|Dr|TIEU|Ashley
406|Dr ANDEL AMIEL Audrey|Dr|ANDEL AMIEL|Audrey
407|Dr KAOUTAR Bacha|Dr|KAOUTAR|Bacha
408|Dr HIESSE Isabelle|Dr|HIESSE|Isabelle
409|Dr AVANTURIER Judith|Dr|AVANTURIER|Judith
410|Dr TANG Julie|Dr|TANG|Julie
411|Dr KASSER Camille|Dr|KASSER|Camille
412|Dr SCHEIFER Carole|Dr|SCHEIFER|Carole
413|Dr SCHMIDT Julien|Dr|SCHMIDT|Julien
414|Dr AMANN Caroline|Dr|AMANN|Caroline
415|Dr BRAVAIS Juliette|Dr|BRAVAIS|Juliette
416|Dr MOLLIERE Chloe|Dr|MOLLIERE|Chloe
417|Dr GRIGNON Clarisse|Dr|GRIGNON|Clarisse
418|Dr AUDIFFRED Laeticia|Dr|AUDIFFRED|Laeticia
419|Dr GOBERT Delphine|Dr|GOBERT|Delphine
420|Dr VERSINI Edouard|Dr|VERSINI|Edouard
421|Dr BUI PHAN Thi Eida|Dr|BUI PHAN|Thi Eida
422|Dr GHRENASSIA Etienne|Dr|GHRENASSIA|Etienne
423|Dr ZAHZAM Lucie|Dr|ZAHZAM|Lucie
424|Dr GATFOSSE Marc|Dr|GATFOSSE|Marc
425|Dr CHAUCHARD Maria|Dr|CHAUCHARD|Maria
426|Dr THISSE Marie|Dr|THISSE|Marie
427|Dr ZIANI Mohamed|Dr|ZIANI|Mohamed
428|Dr GRANOTIER Fanny|Dr|GRANOTIER|Fanny
429|Dr ABISROR Noemie|Dr|ABISROR|Noemie
430|Dr POMMIER Francois|Dr|POMMIER|Francois
431|Dr REINHARD Ingrid|Dr|REINHARD|Ingrid
432|Dr RIVIERE Sebastien|Dr|RIVIERE|Sebastien
433|Dr PEREZ Sorelys|Dr|PEREZ|Sorelys
434|Dr JACHIET Vincent|Dr|JACHIET|Vincent
435|Dr CHA Olivier|Dr|CHA|Olivier
436|Dr PANAYOTOPOULOS Virginie|Dr|PANAYOTOPOULOS|Virginie
437|Dr FAIN Olivier|Dr|FAIN|Olivier
438|Dr BARTHELEMY Pierre Ludovic|Dr|BARTHELEMY|Pierre Ludovic
439|Dr XU Pei|Dr|XU|Pei
440|Dr DE BASTARD Laurent|Dr|DE BASTARD|Laurent
441|Dr FIHMAN Vincent|Dr|FIHMAN|Vincent
442|Dr DECOUSSER Jean Winoc|Dr|DECOUSSER|Jean Winoc
443|Dr WOERTHER Paul Louis|Dr|WOERTHER|Paul Louis
444|Dr LEPEULE Raphael|Dr|LEPEULE|Raphael
445|Dr FOURREAU Frederic|Dr|FOURREAU|Frederic
446|Dr WEMMERT Charlotte|Dr|WEMMERT|Charlotte
447|Dr ROYER Guilhem|Dr|ROYER|Guilhem
448|Dr GOMART Camille|Dr|GOMART|Camille
449|Dr CORLOUER Camille|Dr|CORLOUER|Camille
450|Dr LE GUEN Ronan|Dr|LE GUEN|Ronan
451|Dr REBOUL Martin Hugues|Dr|REBOUL|Martin Hugues
452|Dr LA MARTIRE Giulia|Dr|LA MARTIRE|Giulia
453|Dr HUSSLER Sophie|Dr|HUSSLER|Sophie
454|Dr MAURAND Audrey|Dr|MAURAND|Audrey
455|Dr LASCAUX CAMETZ Anne Sophie|Dr|LASCAUX CAMETZ|Anne Sophie
456|Dr LELIEVRE Jean Daniel|Dr|LELIEVRE|Jean Daniel
457|Dr LEVY Yves|Dr|LEVY|Yves
458|Dr GALLIEN Sebastien|Dr|GALLIEN|Sebastien
459|Dr MELICA Giovanna|Dr|MELICA|Giovanna
460|Dr VINDRIOS William|Dr|VINDRIOS|William
461|Dr MEHAWEJ Hanane|Dr|MEHAWEJ|Hanane
462|Dr LOPEZ ZARAGOZA Jose Luis|Dr|LOPEZ ZARAGOZA|Jose Luis
463|Dr HURIEZ Pauline|Dr|HURIEZ|Pauline
464|Dr BASSES Sarah|Dr|BASSES|Sarah
465|Dr JAFFAL Karim|Dr|JAFFAL|Karim
466|Dr YSMAIL DAHLOUK KEDDAM Saliha|Dr|YSMAIL DAHLOUK KEDDAM|Saliha
467|Dr BULTEAU Juliette|Dr|BULTEAU|Juliette
468|Dr ALLEMAND Aude|Dr|ALLEMAND|Aude
469|Dr DASKALEROU Markella|Dr|DASKALEROU|Markella
470|Dr MATT Morgan|Dr|MATT|Morgan
471|Dr AGRANAT Pascal|Dr|AGRANAT|Pascal
472|Dr AMMAR Kamal|Dr|AMMAR|Kamal
473|Dr AMOR CHELIHI Lahoueri|Dr|AMOR CHELIHI|Lahoueri
474|Dr AUPIAIS Camille|Dr|AUPIAIS|Camille
475|Dr BAKER Catherine|Dr|BAKER|Catherine
476|Dr BAYEH Pierre|Dr|BAYEH|Pierre
477|Dr BOURGARIT DURAND Anne|Dr|BOURGARIT DURAND|Anne
478|Dr PAUL Rajneesh|Dr|PAUL|Rajneesh
479|Dr BOZIC Marjana|Dr|BOZIC|Marjana
480|Dr CAVASINO Thomas|Dr|CAVASINO|Thomas
481|Dr PEVIRERI Florence|Dr|PEVIRERI|Florence
482|Dr DJOUDI Abderrahmane|Dr|DJOUDI|Abderrahmane
483|Dr PHAM Luu Ly|Dr|PHAM|Luu Ly
484|Dr REKIK Badreddine|Dr|REKIK|Badreddine
485|Dr DUPONT Abdellatif|Dr|DUPONT|Abdellatif
486|Dr EL HARRIF Selim|Dr|EL HARRIF|Selim
487|Dr SAHLI Feras|Dr|SAHLI|Feras
488|Dr EL-KHOURY Jean|Dr|EL-KHOURY|Jean
489|Dr SITBON Muriel|Dr|SITBON|Muriel
490|Dr GALERNE Aurelien|Dr|GALERNE|Aurelien
491|Dr GASMI Sheila|Dr|GASMI|Sheila
492|Dr SOOSAIPILLAI Seraphine|Dr|SOOSAIPILLAI|Seraphine
493|Dr GOUAMI Imad|Dr|GOUAMI|Imad
494|Dr HAMADEH Hikmat|Dr|HAMADEH|Hikmat
495|Dr TABET GABISON Alexandre|Dr|TABET GABISON|Alexandre
496|Dr HAMMAD Kahina|Dr|HAMMAD|Kahina
497|Dr IDDAHAMOU Moussa|Dr|IDDAHAMOU|Moussa
498|Dr TAYBALY Maxime|Dr|TAYBALY|Maxime
499|Dr JOBEZ Emmanuel|Dr|JOBEZ|Emmanuel
500|Dr TRAORE Arabiatou|Dr|TRAORE|Arabiatou
501|Dr TUNESI Simone|Dr|TUNESI|Simone
502|Dr WOIMANT Maguy|Dr|WOIMANT|Maguy
503|Dr KHALAF Hussam|Dr|KHALAF|Hussam
504|Dr LANQUE Juliette|Dr|LANQUE|Juliette
505|Dr LE PENNEC Nolwenne|Dr|LE PENNEC|Nolwenne
506|Dr LEKOUARA Daniel|Dr|LEKOUARA|Daniel
507|Dr MADI Soumayat|Dr|MADI|Soumayat
508|Dr MALKA Alexandra|Dr|MALKA|Alexandra
509|Dr MAMPOUYA Davy|Dr|MAMPOUYA|Davy
510|Dr MARADJI Johanna|Dr|MARADJI|Johanna
511|Dr YOUSSEF Youssef|Dr|YOUSSEF|Youssef
512|Dr MEKSEM MELLAZ Fatima|Dr|MEKSEM MELLAZ|Fatima
513|Dr MERAH Ines|Dr|MERAH|Ines
514|Dr ZEMOUR Kamel|Dr|ZEMOUR|Kamel
515|Dr MORIN Anne Sophie|Dr|MORIN|Anne Sophie
516|Dr ZIEDAN Kamal|Dr|ZIEDAN|Kamal
517|Dr DUFAU Romain|Dr|DUFAU|Romain
518|Dr KAUFFMANN Jennifer|Dr|KAUFFMANN|Jennifer
519|Dr PECH Georges|Dr|PECH|Georges
520|Dr LENOIR Gilles|Dr|LENOIR|Gilles
521|Dr ALHERITIERE Armelle|Dr|ALHERITIERE|Armelle
522|Dr DE PONTUAL Loic|Dr|DE PONTUAL|Loic
523|Dr LUK SAONA Helen|Dr|LUK SAONA|Helen
524|Dr ZAHAR Jean-Ralph|Dr|ZAHAR|Jean-Ralph
525|Dr MARKABAWI Sharif|Dr|MARKABAWI|Sharif
526|Dr PIRON Prescillia|Dr|PIRON|Prescillia
527|Dr MAHE Véronique|Dr|MAHE|Véronique
528|Dr BAUDOUIN Clemence|Dr|BAUDOUIN|Clemence
529|Dr LY Axelle|Dr|LY|Axelle
530|Dr WORMSER Eléonore|Dr|WORMSER|Eléonore
531|Dr CHAIBI Serine|Dr|CHAIBI|Serine
532|Dr CHANTELOT Louise|Dr|CHANTELOT|Louise
533|Dr SANCHEZ Olivier|Dr|SANCHEZ|Olivier
534|Dr CLERC Sebastien|Dr|CLERC|Sebastien
535|Dr SANDOT Adèle|Dr|SANDOT|Adèle
536|Dr JUVIN Karine|Dr|JUVIN|Karine
537|Dr VALCKE-BROSSOLLET Judith|Dr|VALCKE-BROSSOLLET|Judith
538|Dr ISRAEL BIET Dominique|Dr|ISRAEL BIET|Dominique
539|Dr LOPEZ Ilaine|Dr|LOPEZ|Ilaine
540|Dr WERMERT Delphine|Dr|WERMERT|Delphine
541|Dr MEYER Guy|Dr|MEYER|Guy
542|Dr DOUADI BELLAHOUEL Amel|Dr|DOUADI BELLAHOUEL|Amel
543|Dr MICHARD Philippe|Dr|MICHARD|Philippe
544|Dr PINOT Jerome|Dr|PINOT|Jerome
545|Dr PUZIN Claire|Dr|PUZIN|Claire
546|Dr PLANQUETTE Benjamin|Dr|PLANQUETTE|Benjamin
547|Dr LEBEAUX David|Dr|LEBEAUX|David
548|Dr POTENCIER Claire|Dr|POTENCIER|Claire
549|Dr GRAS Emmanuelle|Dr|GRAS|Emmanuelle
550|Dr MARIE AUDE Penet|Dr|MARIE AUDE|Penet
551|Dr RANQUE Brigitte|Dr|RANQUE|Brigitte
552|Dr LAMACHE Pierre|Dr|LAMACHE|Pierre
553|Dr ALBY Marie-Laure|Dr|ALBY|Marie-Laure
554|Dr KAHN Jean Emmanuel|Dr|KAHN|Jean Emmanuel
555|Dr NICOD-TRAN Agnes|Dr|NICOD-TRAN|Agnes
556|Dr PERRONNE Christian|Dr|PERRONNE|Christian
557|Dr BRUN NEY Dominique|Dr|BRUN NEY|Dominique
558|Dr MARIGOT OUTTANDY Dhiba|Dr|MARIGOT OUTTANDY|Dhiba
559|Dr DUBRUJEAUD Gael|Dr|DUBRUJEAUD|Gael
560|Dr DAVIDO Benjamin|Dr|DAVIDO|Benjamin
561|Dr GUICHOUX Nathalie|Dr|GUICHOUX|Nathalie
562|Dr ZEDAN Ahed|Dr|ZEDAN|Ahed
563|Dr HANSLIK Thomas|Dr|HANSLIK|Thomas
564|Dr LE CORRE Andre|Dr|LE CORRE|Andre
565|Dr DINH Aurélien|Dr|DINH|Aurélien
566|Dr JONDEAU Katayoun|Dr|JONDEAU|Katayoun
567|Dr SIMEON Soline|Dr|SIMEON|Soline
568|Dr LE GAL Aurelie|Dr|LE GAL|Aurelie
569|Dr FREIRE MARESCA Maresca|Dr|FREIRE MARESCA|Maresca
570|Dr MASCITTI Helene Tiphaine|Dr|MASCITTI|Helene Tiphaine
571|Dr DRILHON Nathalie|Dr|DRILHON|Nathalie
572|Dr METAYER ROUSSEAU Catherine|Dr|METAYER ROUSSEAU|Catherine
573|Dr PERRONNE Veronique|Dr|PERRONNE|Veronique
574|Dr BESSIS Simon|Dr|BESSIS|Simon
575|Dr ROUVEIX NORDON Elisabeth|Dr|ROUVEIX NORDON|Elisabeth
576|Dr TRAD Salim|Dr|TRAD|Salim
577|Dr SOUSSAN-BANINI Valerie|Dr|SOUSSAN-BANINI|Valerie
578|Dr ARROUY Laurence|Dr|ARROUY|Laurence
579|Dr BEAUNE Sebastien|Dr|BEAUNE|Sebastien
580|Dr AL HENNAWI Mohamed Raed|Dr|AL HENNAWI|Mohamed Raed
581|Dr GREFFE Segolene|Dr|GREFFE|Segolene
582|Dr RAZAZI David|Dr|RAZAZI|David
583|Dr VENON Marie-Dominique|Dr|VENON|Marie-Dominique
584|Dr TANNOUS Imad|Dr|TANNOUS|Imad
585|Dr GRENET Julie|Dr|GRENET|Julie
586|Dr KANJRAWI Pierre|Dr|KANJRAWI|Pierre
587|Dr COUTTE Leatitia|Dr|COUTTE|Leatitia
588|Dr MICHELON JOUNEAUX Marlene|Dr|MICHELON JOUNEAUX|Marlene
589|Dr LEVASSEUR Anne Sophie|Dr|LEVASSEUR|Anne Sophie
590|Dr MARCIANO Eva|Dr|MARCIANO|Eva
591|Dr TADLAOUI OUAFI Abdelilah|Dr|TADLAOUI OUAFI|Abdelilah
592|Dr DE LAROCHE Marine|Dr|DE LAROCHE|Marine
593|Dr BAUVOIS Adeline|Dr|BAUVOIS|Adeline
594|Dr ASSEMAT Laura|Dr|ASSEMAT|Laura
595|Dr BRAULT Melanie|Dr|BRAULT|Melanie
596|Dr VALEAN Andrea Mihaela|Dr|VALEAN|Andrea Mihaela
597|Dr PIOCH Camille|Dr|PIOCH|Camille
598|Dr DIEME Aicha|Dr|DIEME|Aicha
599|Dr BARTHEMENT Noemie|Dr|BARTHEMENT|Noemie
600|Dr AZEMAR Laurene|Dr|AZEMAR|Laurene
601|Dr PARTOUCHE Bethsabee|Dr|PARTOUCHE|Bethsabee
602|Dr HANSLIK Adriana|Dr|HANSLIK|Adriana
603|Dr MANGILI Anaelle|Dr|MANGILI|Anaelle
604|Dr PERRAY Laura|Dr|PERRAY|Laura
605|Dr VAGO-ADY Andre|Dr|VAGO-ADY|Andre
606|Dr LECLAIR Bathilde|Dr|LECLAIR|Bathilde
607|Dr KRIEF Leslie|Dr|KRIEF|Leslie
608|Dr DJEBBAR Radia|Dr|DJEBBAR|Radia
609|Dr GAROFOLI Nina|Dr|GAROFOLI|Nina
610|Dr CHUNG Vinh-An-Julie|Dr|CHUNG|Vinh-An-Julie
611|Dr FONTENILLE Frederic|Dr|FONTENILLE|Frederic
612|Dr FOURNIER Marie-Gabrielle|Dr|FOURNIER|Marie-Gabrielle
613|Dr BOUKHEDDOUMA Iziya|Dr|BOUKHEDDOUMA|Iziya
614|Dr HADDADI Soumaya|Dr|HADDADI|Soumaya
615|Dr LACHIEZE Marine|Dr|LACHIEZE|Marine
616|Dr PAVAGEAU Laure|Dr|PAVAGEAU|Laure
617|Dr OMONT Domitille|Dr|OMONT|Domitille
618|Dr DUFEU Virginie|Dr|DUFEU|Virginie
619|Dr LABRUNE Sylvie|Dr|LABRUNE|Sylvie
620|Dr CHINET Thierry|Dr|CHINET|Thierry
621|Dr SAHUT D'IZARN Marine|Dr|SAHUT D'IZARN|Marine
622|Dr MOULLIAS Sophie|Dr|MOULLIAS|Sophie
623|Dr ABEL Anne|Dr|ABEL|Anne
624|Dr HANDSCHUH Richard|Dr|HANDSCHUH|Richard
625|Dr EMY Sylvain|Dr|EMY|Sylvain
626|Dr BIJON PERRET Amelie|Dr|BIJON PERRET|Amelie
627|Dr CANTIN Delphine|Dr|CANTIN|Delphine
628|Dr BATISSE Dominique|Dr|BATISSE|Dominique
629|Dr SALMON Dominique|Dr|SALMON|Dominique
630|Dr ETIENNE Nicolas|Dr|ETIENNE|Nicolas
631|Dr KARMOCHKINE Marina|Dr|KARMOCHKINE|Marina
632|Dr LETEMBET-IPPET Valerie-Anne|Dr|LETEMBET-IPPET|Valerie-Anne
633|Dr PAVIE Juliette|Dr|PAVIE|Juliette
634|Dr PICHARD Eric|Dr|PICHARD|Eric
635|Dr SLAMA Dorsaf|Dr|SLAMA|Dorsaf
636|Dr VIARD Jean-Paul|Dr|VIARD|Jean-Paul
637|Dr WEISS Laurence|Dr|WEISS|Laurence
643|Dr BERLET Sabine|Dr|BERLET|Sabine
644|Dr MOGNON Kore|Dr|MOGNON|Kore
645|Dr MERZOUKI Abdellah|Dr|MERZOUKI|Abdellah
646|Dr CHADAD Alex Ali|Dr|CHADAD|Alex Ali
647|Dr GUINCESTRE Anais|Dr|GUINCESTRE|Anais
648|Dr GAGEY Antonin|Dr|GAGEY|Antonin
649|Dr MAYAUD Clarice|Dr|MAYAUD|Clarice
650|Dr KANTE Fatoumata|Dr|KANTE|Fatoumata
651|Dr FEMY Florent|Dr|FEMY|Florent
652|Dr FONS Guillaume|Dr|FONS|Guillaume
653|Dr TOURY Gustave|Dr|TOURY|Gustave
654|Dr SOUFANE Hani|Dr|SOUFANE|Hani
655|Dr REBERT Isabelle|Dr|REBERT|Isabelle
656|Dr LAPAQUE Jean Sebastien|Dr|LAPAQUE|Jean Sebastien
657|Dr EL AHMAR HAMADE Jihad|Dr|EL AHMAR HAMADE|Jihad
658|Dr TRIVINI Juliette|Dr|TRIVINI|Juliette
659|Dr DAHAN Laura|Dr|DAHAN|Laura
660|Dr GUILLAUD Marie|Dr|GUILLAUD|Marie
661|Dr ROUX Marie|Dr|ROUX|Marie
662|Dr SAADI Meriem|Dr|SAADI|Meriem
663|Dr BOURZAM-BEN REDOUANE Mouna|Dr|BOURZAM-BEN REDOUANE|Mouna
664|Dr GALOUZEAU DE VILLEPIN Nathan|Dr|GALOUZEAU DE VILLEPIN|Nathan
665|Dr BORY Olivier Marie|Dr|BORY|Olivier Marie
666|Dr JUVIN Philippe|Dr|JUVIN|Philippe
667|Dr LEJEUNE Quentin|Dr|LEJEUNE|Quentin
668|Dr HINDY Ryan|Dr|HINDY|Ryan
669|Dr TRAN Sophie|Dr|TRAN|Sophie
670|Dr TAMISIER Thomas|Dr|TAMISIER|Thomas
671|Dr MALET Valentine|Dr|MALET|Valentine
672|Dr SALTEL FULERO Oriana|Dr|SALTEL FULERO|Oriana
673|Dr GEISS Romain|Dr|GEISS|Romain
674|Dr PATAS D'ILLIERS Clemence Marie|Dr|PATAS D'ILLIERS|Clemence Marie
675|Dr DANO Catherine|Dr|DANO|Catherine
676|Dr KOZULINA Tatiana|Dr|KOZULINA|Tatiana
677|Dr MANAR Dalinda|Dr|MANAR|Dalinda
678|Dr JOUCLAS Diane|Dr|JOUCLAS|Diane
679|Dr PAULET Hayat|Dr|PAULET|Hayat
680|Dr PAILLAUD LAURENT PUIG Elena|Dr|PAILLAUD LAURENT PUIG|Elena
681|Dr DIEHL Mathilde|Dr|DIEHL|Mathilde
682|Dr SAINT-JEAN Olivier|Dr|SAINT-JEAN|Olivier
683|Dr CEDILE Johane|Dr|CEDILE|Johane
684|Dr LE GUEN Julien|Dr|LE GUEN|Julien
685|Dr GRENIER Alexandre|Dr|GRENIER|Alexandre
686|Dr PENN Thomas|Dr|PENN|Thomas
687|Dr HODY Julien|Dr|HODY|Julien
688|Dr TIXIER Denis|Dr|TIXIER|Denis
689|Dr AGUT Sophie|Dr|AGUT|Sophie
690|Dr AL WARAGLI Noha|Dr|AL WARAGLI|Noha
691|Dr AZOYAN Loris|Dr|AZOYAN|Loris
692|Dr BACHMEYER Claude|Dr|BACHMEYER|Claude
693|Dr BARD-REBOUL Sacha|Dr|BARD-REBOUL|Sacha
694|Dr BAUDRON Flora|Dr|BAUDRON|Flora
695|Dr BELAUBE Nicolas|Dr|BELAUBE|Nicolas
696|Dr BERGER Ingrid|Dr|BERGER|Ingrid
697|Dr BERTHAUX Lise|Dr|BERTHAUX|Lise
698|Dr BERTIN Lise|Dr|BERTIN|Lise
699|Dr BLIN Emmanuelle|Dr|BLIN|Emmanuelle
700|Dr BOMPARD Rudy Pierre|Dr|BOMPARD|Rudy Pierre
701|Dr BOSREDON Clotilde|Dr|BOSREDON|Clotilde
702|Dr BOURGEOIS Melanie|Dr|BOURGEOIS|Melanie
703|Dr BOUVARD Eric|Dr|BOUVARD|Eric
704|Dr BRET Judith|Dr|BRET|Judith
705|Dr BUNG Kheravy|Dr|BUNG|Kheravy
706|Dr BURGGRAFF Eric|Dr|BURGGRAFF|Eric
707|Dr CADRANEL Jacques|Dr|CADRANEL|Jacques
708|Dr CAMUSET Juliette|Dr|CAMUSET|Juliette
709|Dr CANELLAS Anthony|Dr|CANELLAS|Anthony
710|Dr CHAS Julie|Dr|CHAS|Julie
711|Dr CHAY Yves|Dr|CHAY|Yves
712|Dr CHOINIER Pascaline|Dr|CHOINIER|Pascaline
713|Dr COSNARD Clemence|Dr|COSNARD|Clemence
714|Dr DAUTHEVILLE Sandrine|Dr|DAUTHEVILLE|Sandrine
715|Dr DJAMOURI-MONNORY Fatima|Dr|DJAMOURI-MONNORY|Fatima
716|Dr DUBOSQ Valerie|Dr|DUBOSQ|Valerie
717|Dr EL SHARKAWI Chanez|Dr|EL SHARKAWI|Chanez
718|Dr EPAUD Christelle|Dr|EPAUD|Christelle
719|Dr FALLET Vincent|Dr|FALLET|Vincent
720|Dr GARANDEAU Elzbieta|Dr|GARANDEAU|Elzbieta
721|Dr GEORGIN LAVIALLE Sophie|Dr|GEORGIN LAVIALLE|Sophie
722|Dr GOULET Helene|Dr|GOULET|Helene
723|Dr GRATEAU Gilles|Dr|GRATEAU|Gilles
724|Dr GUERIF DUBREUCQ Evelyne|Dr|GUERIF DUBREUCQ|Evelyne
725|Dr GUILGAUD Francois|Dr|GUILGAUD|Francois
726|Dr HACIL Abdelhakim|Dr|HACIL|Abdelhakim
727|Dr HALITIM Pierre|Dr|HALITIM|Pierre
728|Dr HERROU Anne-Flore|Dr|HERROU|Anne-Flore
729|Dr IBN-SAID Wafa|Dr|IBN-SAID|Wafa
730|Dr JAMI Ilan|Dr|JAMI|Ilan
731|Dr KIEFFER Etienne|Dr|KIEFFER|Etienne
732|Dr LASSEL Ludovic|Dr|LASSEL|Ludovic
733|Dr LAVOLE Armelle|Dr|LAVOLE|Armelle
734|Dr LEMARIE Nadege|Dr|LEMARIE|Nadege
735|Dr LETELLIER Alice|Dr|LETELLIER|Alice
736|Dr LIEVRE Thomas|Dr|LIEVRE|Thomas
737|Dr LIONNET Francois|Dr|LIONNET|Francois
738|Dr MARTINS-GONCALVES Filipa|Dr|MARTINS-GONCALVES|Filipa
739|Dr MARZOUK Nessrine|Dr|MARZOUK|Nessrine
740|Dr MATTIONI Sarah|Dr|MATTIONI|Sarah
741|Dr MATTON Lise|Dr|MATTON|Lise
742|Dr MECHAI Soufiane|Dr|MECHAI|Soufiane
743|Dr MEJEAN Elodie|Dr|MEJEAN|Elodie
744|Dr MEWASING Baboo Irwinsingh|Dr|MEWASING|Baboo Irwinsingh
745|Dr MILLET Floriane|Dr|MILLET|Floriane
746|Dr MIMRAM Leo|Dr|MIMRAM|Leo
747|Dr NADAL Marine|Dr|NADAL|Marine
748|Dr NICOLAS Frederic|Dr|NICOLAS|Frederic
749|Dr PARROT Antoine|Dr|PARROT|Antoine
750|Dr PIALOUX Gilles|Dr|PIALOUX|Gilles
751|Dr QUILOT Fleur Marie|Dr|QUILOT|Fleur Marie
752|Dr RECH Jean Simon|Dr|RECH|Jean Simon
753|Dr RIGAUD Pierre|Dr|RIGAUD|Pierre
754|Dr ROY Jean-Michel|Dr|ROY|Jean-Michel
755|Dr ROZENSZTAJN Nathalie|Dr|ROZENSZTAJN|Nathalie
756|Dr RUPPERT Anne Marie|Dr|RUPPERT|Anne Marie
757|Dr SABET Sheila|Dr|SABET|Sheila
758|Dr SANTIN Aline|Dr|SANTIN|Aline
759|Dr SAVEY Lea|Dr|SAVEY|Lea
760|Dr SIGUIER Martin|Dr|SIGUIER|Martin
761|Dr STEICHEN Olivier|Dr|STEICHEN|Olivier
762|Dr TENENBAUM Lisa Perl|Dr|TENENBAUM|Lisa Perl
763|Dr VALENTIAN Maelle|Dr|VALENTIAN|Maelle
764|Dr VERNEY Charles|Dr|VERNEY|Charles
765|Dr WATTEAU Simon|Dr|WATTEAU|Simon
766|Dr TAIEB Carline|Dr|TAIEB|Carline
767|Dr BINETRUY Charles|Dr|BINETRUY|Charles
768|Dr REFABERT Luc|Dr|REFABERT|Luc
769|Dr LAFAURIE Matthieu|Dr|LAFAURIE|Matthieu
770|Dr LASCOUX COMBE Caroline|Dr|LASCOUX COMBE|Caroline
771|Dr BOUSSEN Ines|Dr|BOUSSEN|Ines
772|Dr LIEGEON Geoffroy|Dr|LIEGEON|Geoffroy
773|Dr DENIS Blandine|Dr|DENIS|Blandine
774|Dr PONSCARME Diane|Dr|PONSCARME|Diane
775|Dr TATEO Mariagrazia|Dr|TATEO|Mariagrazia
776|Dr FEYEUX Delphine|Dr|FEYEUX|Delphine
777|Dr DE CASTRO Nathalie|Dr|DE CASTRO|Nathalie
778|Dr MOLINA Jean-Michel|Dr|MOLINA|Jean-Michel
779|Dr DEROCHEBRUNE Charlotte|Dr|DEROCHEBRUNE|Charlotte
780|Dr FAYE Albert|Dr|FAYE|Albert
781|Dr TITOMANLIO Luigi|Dr|TITOMANLIO|Luigi
782|Dr SIRIEZ Jean-Yves|Dr|SIRIEZ|Jean-Yves
783|Dr TRUONG Jeanne|Dr|TRUONG|Jeanne
784|Dr TIELLI Alexandra|Dr|TIELLI|Alexandra
785|Dr CASERIS Marion|Dr|CASERIS|Marion
786|Dr GASCHIGNARD Jean|Dr|GASCHIGNARD|Jean
787|Dr PERRET Marie-Raphaelle|Dr|PERRET|Marie-Raphaelle
788|Dr DAYAN Léa|Dr|DAYAN|Léa
789|Dr BAUDANT Simon|Dr|BAUDANT|Simon
790|Dr ALMAYRAC Agnès|Dr|ALMAYRAC|Agnès
791|Dr AOUIDAD Aveline|Dr|AOUIDAD|Aveline
792|Dr ARNULF Isabelle|Dr|ARNULF|Isabelle
793|Dr ARZOINE Jeremy|Dr|ARZOINE|Jeremy
794|Dr AUBRY Alexandra|Dr|AUBRY|Alexandra
795|Dr AUGER Yvain|Dr|AUGER|Yvain
796|Dr BANNEVILLE Béatrice|Dr|BANNEVILLE|Béatrice
797|Dr BARON Marine|Dr|BARON|Marine
798|Dr BELLOCQ Agnès|Dr|BELLOCQ|Agnès
799|Dr BEN SALAH Elyes|Dr|BEN SALAH|Elyes
800|Dr BERNARD Remy|Dr|BERNARD|Remy
801|Dr BOUGLE Adrien|Dr|BOUGLE|Adrien
802|Dr BOURRON Olivier|Dr|BOURRON|Olivier
803|Dr BRUNELLE Julie|Dr|BRUNELLE|Julie
804|Dr BUFFET Camille|Dr|BUFFET|Camille
805|Dr CARILLION Aude|Dr|CARILLION|Aude
806|Dr CARRIE Alain|Dr|CARRIE|Alain
807|Dr CHASTRE Jean|Dr|CHASTRE|Jean
808|Dr CLOVET Olivier|Dr|CLOVET|Olivier
809|Dr COHEN Fleur|Dr|COHEN|Fleur
810|Dr COLLET Jean-Philippe|Dr|COLLET|Jean-Philippe
811|Dr CONSOLI Angèle|Dr|CONSOLI|Angèle
812|Dr CORVOL Jean-Christophe|Dr|CORVOL|Jean-Christophe
813|Dr COURTIN Thomas|Dr|COURTIN|Thomas
814|Dr DEGOS Vincent|Dr|DEGOS|Vincent
815|Dr DEHAIS Caroline|Dr|DEHAIS|Caroline
816|Dr DEMERET Sophie|Dr|DEMERET|Sophie
817|Dr DESCHAMPS Claire|Dr|DESCHAMPS|Claire
818|Dr DIMARIA Sophie|Dr|DIMARIA|Sophie
819|Dr DROUIN Sarah|Dr|DROUIN|Sarah
820|Dr DELATOUR Charlotte|Dr|DELATOUR|Charlotte
821|Dr DUBOURG GORY Geneviève|Dr|DUBOURG GORY|Geneviève
822|Dr DUJARDIN Olivier|Dr|DUJARDIN|Olivier
823|Dr DUMITRU Laura Ileana|Dr|DUMITRU|Laura Ileana
824|Dr ESTEREZ Cedric|Dr|ESTEREZ|Cedric
825|Dr EWENCZYK Claire|Dr|EWENCZYK|Claire
826|Dr FAUTREL Bruno|Dr|FAUTREL|Bruno
827|Dr FOLTZ Violaine|Dr|FOLTZ|Violaine
828|Dr GALLO Antonio|Dr|GALLO|Antonio
829|Dr GARDERET Laurent|Dr|GARDERET|Laurent
830|Dr GHANDER Cecile|Dr|GHANDER|Cecile
831|Dr GLASMAN Pauline|Dr|GLASMAN|Pauline
832|Dr GONZALEZ Jesus|Dr|GONZALEZ|Jesus
833|Dr GRABLI David|Dr|GRABLI|David
834|Dr GUETTA Michael|Dr|GUETTA|Michael
835|Dr GUGLIELMETTI Lorenzo|Dr|GUGLIELMETTI|Lorenzo
836|Dr HALBRON GUENANCIA Marine|Dr|HALBRON GUENANCIA|Marine
837|Dr HARTEMANN Agnès|Dr|HARTEMANN|Agnès
838|Dr HERTIG Alexandre|Dr|HERTIG|Alexandre
839|Dr HIDDEN LUCET Françoise|Dr|HIDDEN LUCET|Françoise
840|Dr KEREN Boris|Dr|KEREN|Boris
841|Dr LEBLOND Véronique|Dr|LEBLOND|Véronique
842|Dr LEROUX Gaëlle|Dr|LEROUX|Gaëlle
843|Dr LEVY SOUSSAN Michèle|Dr|LEVY SOUSSAN|Michèle
844|Dr LONDNER Cécile|Dr|LONDNER|Cécile
845|Dr MAZDA WALTER Brice|Dr|MAZDA WALTER|Brice
846|Dr MERCADAL Lucile|Dr|MERCADAL|Lucile
847|Dr NGUYEN Yann|Dr|NGUYEN|Yann
848|Dr NGUYEN KHAC Florence|Dr|NGUYEN KHAC|Florence
849|Dr HORIA Michaela|Dr|HORIA|Michaela
850|Dr POPELIER Marc|Dr|POPELIER|Marc
851|Dr POUJADE Julien|Dr|POUJADE|Julien
852|Dr PSIMARAS Dimitri|Dr|PSIMARAS|Dimitri
853|Dr QUEMENEUR Cyril|Dr|QUEMENEUR|Cyril
854|Dr ROCHE Sabine|Dr|ROCHE|Sabine
855|Dr ROHAUT Benjamin|Dr|ROHAUT|Benjamin
856|Dr ROJAS Patricia|Dr|ROJAS|Patricia
857|Dr ROLLAND DEBORD Camille|Dr|ROLLAND DEBORD|Camille
858|Dr ROSSIGNON Marie-Dominique|Dr|ROSSIGNON|Marie-Dominique
859|Dr ROUSSEAU Géraldine|Dr|ROUSSEAU|Géraldine
860|Dr ROZENBERG Sylvie|Dr|ROZENBERG|Sylvie
861|Dr RUDLER Marika|Dr|RUDLER|Marika
862|Dr RUFAT Pierre|Dr|RUFAT|Pierre
863|Dr SAHEB Samir|Dr|SAHEB|Samir
864|Dr SERGEANT Camille|Dr|SERGEANT|Camille
865|Dr TOMEO Charlotte|Dr|TOMEO|Charlotte
866|Dr TOURAINE Philippe|Dr|TOURAINE|Philippe
867|Dr VARGAS CASTRO Alexander|Dr|VARGAS CASTRO|Alexander
868|Dr VIDAILHET Marie|Dr|VIDAILHET|Marie
869|Dr WEISS Nicolas|Dr|WEISS|Nicolas
870|Dr ZERKAK Djamila|Dr|ZERKAK|Djamila
871|Dr AUBRY Adeline|Dr|AUBRY|Adeline
872|Dr PHILIPPON Anne-Laure|Dr|PHILIPPON|Anne-Laure
873|Dr MONTOUT Anne-Lise|Dr|MONTOUT|Anne-Lise
874|Dr PAQUET Anne-Laure|Dr|PAQUET|Anne-Laure
875|Dr AVONDO Aurélie|Dr|AVONDO|Aurélie
876|Dr CASSARD Clementine|Dr|CASSARD|Clementine
877|Dr BIBAS Jordan|Dr|BIBAS|Jordan
878|Dr JOSSE Marie-Odile|Dr|JOSSE|Marie-Odile
879|Dr SAIDI Khaled|Dr|SAIDI|Khaled
880|Dr VELLY Laetitia|Dr|VELLY|Laetitia
881|Dr DUMONT Margaux|Dr|DUMONT|Margaux
882|Dr RICHARD Marie-Caroline|Dr|RICHARD|Marie-Caroline
883|Dr BARROS DE FREITAS Marta|Dr|BARROS DE FREITAS|Marta
884|Dr FORNASARI Marta|Dr|FORNASARI|Marta
885|Dr DELAY Mathieu|Dr|DELAY|Mathieu
886|Dr SALHI Nawal|Dr|SALHI|Nawal
887|Dr CANAVAGGIO Pauline|Dr|CANAVAGGIO|Pauline
888|Dr CHEVALIER Pauline|Dr|CHEVALIER|Pauline
889|Dr DELANNOY Quentin|Dr|DELANNOY|Quentin
890|Dr HO Sylvie|Dr|HO|Sylvie
891|Dr VALLI Vanina|Dr|VALLI|Vanina
892|Dr DUNOYER Violaine|Dr|DUNOYER|Violaine
893|Dr ALAUZY Virginie|Dr|ALAUZY|Virginie
894|Dr DROGREY Marie|Dr|DROGREY|Marie
895|Dr DELERME Samuel|Dr|DELERME|Samuel
896|Dr HAUSFATER Pierre|Dr|HAUSFATER|Pierre
897|Dr BERGERON Anne|Dr|BERGERON|Anne
898|Dr DUPIN Clairelyne|Dr|DUPIN|Clairelyne
899|Dr BONDEELLE Louise|Dr|BONDEELLE|Louise
900|Dr SAUSSEREAU Julien|Dr|SAUSSEREAU|Julien
901|Dr LEGUEN Pierre|Dr|LEGUEN|Pierre
902|Dr BENATTIA Amira|Dr|BENATTIA|Amira
903|Dr TAZI Abdellatif|Dr|TAZI|Abdellatif
904|Dr PERRUCHE Franck|Dr|PERRUCHE|Franck
905|Dr BAGNIS Corinne|Dr|BAGNIS|Corinne
906|Dr SLAMA Laurence|Dr|SLAMA|Laurence
907|Dr MICHAUX Lionel|Dr|MICHAUX|Lionel
908|Dr NA Na|Dr|NA|Na
909|Dr WISLEZ Marie|Dr|WISLEZ|Marie
910|Dr DE TRUCHIS Pierre|Dr|DE TRUCHIS|Pierre
911|Dr AILLERES Philippe|Dr|AILLERES|Philippe
912|Dr ALIKHTYAR Inaya|Dr|ALIKHTYAR|Inaya
913|Dr AN Kim|Dr|AN|Kim
914|Dr BARDON Jean|Dr|BARDON|Jean
915|Dr BERTOZZI Nicolas|Dr|BERTOZZI|Nicolas
916|Dr BOUKRICHE Abdel|Dr|BOUKRICHE|Abdel
917|Dr BOURLET Pauline|Dr|BOURLET|Pauline
918|Dr CORROCHER Romain|Dr|CORROCHER|Romain
919|Dr DAGRON Christelle|Dr|DAGRON|Christelle
920|Dr DELUZE Thibault|Dr|DELUZE|Thibault
921|Dr DEROSSI Arnaud|Dr|DEROSSI|Arnaud
922|Dr EL HAGE Christelle|Dr|EL HAGE|Christelle
923|Dr ELLINGER Alexandre|Dr|ELLINGER|Alexandre
924|Dr ENCLOS Sophie|Dr|ENCLOS|Sophie
925|Dr FAIVRE Florence|Dr|FAIVRE|Florence
926|Dr FOGEL Stephanie|Dr|FOGEL|Stephanie
927|Dr GAULT Theotime|Dr|GAULT|Theotime
928|Dr GRAPPE Priscille|Dr|GRAPPE|Priscille
929|Dr GROGNARD Gwenaelle|Dr|GROGNARD|Gwenaelle
930|Dr HAEGEL Annie|Dr|HAEGEL|Annie
931|Dr HERBEPIN Audrey|Dr|HERBEPIN|Audrey
932|Dr HUET Christian|Dr|HUET|Christian
933|Dr HUTIN Alice|Dr|HUTIN|Alice
934|Dr JABRE Patricia|Dr|JABRE|Patricia
935|Dr JOLY Camille|Dr|JOLY|Camille
936|Dr KHELIFI Gregory|Dr|KHELIFI|Gregory
937|Dr KLENKLE Laurence|Dr|KLENKLE|Laurence
938|Dr LE PENNETIER Olivier|Dr|LE PENNETIER|Olivier
939|Dr LEROUX Claire|Dr|LEROUX|Claire
940|Dr LAMHAUT Lionel|Dr|LAMHAUT|Lionel
941|Dr MALARTIC Mireille|Dr|MALARTIC|Mireille
942|Dr MALET V|Dr|MALET|V
943|Dr MARX Jean Sebastien|Dr|MARX|Jean Sebastien
944|Dr MIRAT Pierre|Dr|MIRAT|Pierre
945|Dr MUNGUR Akshay|Dr|MUNGUR|Akshay
946|Dr NERAAL Stefan|Dr|NERAAL|Stefan
947|Dr ORSINI Jean Pierre|Dr|ORSINI|Jean Pierre
948|Dr PELLOUX Patrick|Dr|PELLOUX|Patrick
949|Dr PHILIPPE Pascal|Dr|PHILIPPE|Pascal
950|Dr POIROT Nicolas|Dr|POIROT|Nicolas
951|Dr POITEVIN Eric|Dr|POITEVIN|Eric
952|Pr CARLI Pierre|Pr|CARLI|Pierre
953|Dr RAFEI DARMIAN Ivan|Dr|RAFEI DARMIAN|Ivan
954|Dr TARTIERE Suzanne|Dr|TARTIERE|Suzanne
955|Dr TELION Caroline|Dr|TELION|Caroline
956|Dr VIE Anne Cecile|Dr|VIE|Anne Cecile
957|Dr VIVIEN Benoit|Dr|VIVIEN|Benoit
958|Dr CHARPENTIER Camille|Dr|CHARPENTIER|Camille
959|Dr CURINO LAGARDE Chiara|Dr|CURINO LAGARDE|Chiara
960|Dr GILBERT Raphaël|Dr|GILBERT|Raphaël
961|Dr COILLY Audrey|Dr|COILLY|Audrey
962|Dr GOLFIER Eve|Dr|GOLFIER|Eve
963|Dr GERVAIS HASENKNOPF Anne|Dr|GERVAIS HASENKNOPF|Anne
964|Dr LACCHEB Mariem|Dr|LACCHEB|Mariem
965|Dr ANDREOTTI Christophe|Dr|ANDREOTTI|Christophe
966|Dr AYLLON MILLA Sonia|Dr|AYLLON MILLA|Sonia
967|Dr BENMAYOUF Thiziri|Dr|BENMAYOUF|Thiziri
968|Dr BERREZAG Walid|Dr|BERREZAG|Walid
969|Dr BEVILACQUA Marie-Charlotte|Dr|BEVILACQUA|Marie-Charlotte
970|Dr BLOCH-LAINE Emmanuel|Dr|BLOCH-LAINE|Emmanuel
971|Dr BOKOBZA Jerome|Dr|BOKOBZA|Jerome
972|Dr BRUNEAU Marie|Dr|BRUNEAU|Marie
973|Dr BUFFO Milene|Dr|BUFFO|Milene
974|Dr CHEVALIER Amélie|Dr|CHEVALIER|Amélie
975|Dr CIOVICA Gilda-Alina|Dr|CIOVICA|Gilda-Alina
976|Dr DAMAS-PERRICHET Clara|Dr|DAMAS-PERRICHET|Clara
977|Dr DENIAU Nicolas|Dr|DENIAU|Nicolas
978|Dr DOUMENC Benoit|Dr|DOUMENC|Benoit
979|Dr DUCHENOY Thibault|Dr|DUCHENOY|Thibault
980|Dr DUMAS Florence|Dr|DUMAS|Florence
981|Dr GABILLARD Zoé|Dr|GABILLARD|Zoé
982|Dr GIRARD Cécile|Dr|GIRARD|Cécile
983|Dr GOMES Tania|Dr|GOMES|Tania
984|Dr GOMEZ RODRIGUEZ Eduard|Dr|GOMEZ RODRIGUEZ|Eduard
985|Dr GULIAN Tim|Dr|GULIAN|Tim
986|Dr HUET Stéphanie|Dr|HUET|Stéphanie
987|Dr JABALLAH Ilies|Dr|JABALLAH|Ilies
988|Dr KANSAO Jamal|Dr|KANSAO|Jamal
989|Dr KIERZEK Gerald|Dr|KIERZEK|Gerald
990|Dr LABITRIE Pierre|Dr|LABITRIE|Pierre
991|Dr LAKHLIFI Marie-Ines|Dr|LAKHLIFI|Marie-Ines
992|Dr LE VAN Fabien|Dr|LE VAN|Fabien
993|Dr LECOMTE François|Dr|LECOMTE|François
994|Dr LEVET Eléonore|Dr|LEVET|Eléonore
995|Dr LOPES Anne-Sophie|Dr|LOPES|Anne-Sophie
996|Dr MALLERET Léa|Dr|MALLERET|Léa
997|Dr NAJAFI Aida|Dr|NAJAFI|Aida
998|Dr NGAKO DEUGOUE Alfred|Dr|NGAKO DEUGOUE|Alfred
999|Dr NICAISE Flora|Dr|NICAISE|Flora
1000|Dr PEREIRA Denis|Dr|PEREIRA|Denis
1001|Dr PINTO Tiffany|Dr|PINTO|Tiffany
1002|Dr RAKOTOARISOA Jenny|Dr|RAKOTOARISOA|Jenny
1003|Dr RANERISON Roger|Dr|RANERISON|Roger
1004|Dr RIOM Isabelle|Dr|RIOM|Isabelle
1005|Dr SALARD Erwan|Dr|SALARD|Erwan
1006|Dr VILLOING Barbara|Dr|VILLOING|Barbara
1007|Dr VOISIN Frederic|Dr|VOISIN|Frederic
1008|Dr WAINBLUM Anna|Dr|WAINBLUM|Anna
1009|Dr ZEPHIR Solène|Dr|ZEPHIR|Solène
1010|Dr ROBERT Anne|Dr|ROBERT|Anne
1011|Dr MBAPPE Pauline|Dr|MBAPPE|Pauline
1012|Dr MAWET Jerome|Dr|MAWET|Jerome
1013|Dr ROOS Caroline|Dr|ROOS|Caroline
1014|Dr BURCIN Cecilia|Dr|BURCIN|Cecilia
1015|Dr VEVER Ursulla|Dr|VEVER|Ursulla
1016|Dr BLANC Arnaud|Dr|BLANC|Arnaud
1017|Dr BOUCLY Athenais|Dr|BOUCLY|Athenais
1018|Dr BUKREYEVA Iryna|Dr|BUKREYEVA|Iryna
1019|Dr BULIFON Sophie|Dr|BULIFON|Sophie
1020|Dr CHANSON Noemie|Dr|CHANSON|Noemie
1021|Dr CHANTALAT AUGER Christelle|Dr|CHANTALAT AUGER|Christelle
1022|Dr COLAS DES FRANCS Veronique|Dr|COLAS DES FRANCS|Veronique
1035|Dr COLLARINO Rocco|Dr|COLLARINO|Rocco
1036|Dr DE MENTHON Mathilde|Dr|DE MENTHON|Mathilde
1037|Dr DERRADJI Ouda|Dr|DERRADJI|Ouda
1038|Dr ENACHE ANGOULVANT Adela|Dr|ENACHE ANGOULVANT|Adela
1039|Dr ESCAUT Lelia|Dr|ESCAUT|Lelia
1040|Dr GOTTLIEB Jeremy|Dr|GOTTLIEB|Jeremy
1041|Dr GOUJARD Cecile|Dr|GOUJARD|Cecile
1042|Dr HENRIQUEZ Soledad|Dr|HENRIQUEZ|Soledad
1043|Dr HUMBERT Marc|Dr|HUMBERT|Marc
1044|Dr JAIS Xavier|Dr|JAIS|Xavier
1045|Dr JAUREGUIBERRY Stephane|Dr|JAUREGUIBERRY|Stephane
1046|Dr LAMBOTTE Olivier|Dr|LAMBOTTE|Olivier
1047|Dr LAPARRA Ariane|Dr|LAPARRA|Ariane
1048|Dr LEROLLE Nathalie|Dr|LEROLLE|Nathalie
1049|Dr MONTANI David|Dr|MONTANI|David
1050|Dr NOEL Nicolas|Dr|NOEL|Nicolas
1051|Dr PARENT Florence|Dr|PARENT|Florence
1052|Dr PLACAIS Leo|Dr|PLACAIS|Leo
1053|Dr QUERTAINMONT Yann|Dr|QUERTAINMONT|Yann
1054|Dr SAVALE Laurent|Dr|SAVALE|Laurent
1055|Dr SEFERIAN Andrei Horia|Dr|SEFERIAN|Andrei Horia
1056|Dr SITBON Olivier|Dr|SITBON|Olivier
1057|Dr TEICHER Maria Elina|Dr|TEICHER|Maria Elina
1058|Dr WYPLOSZ Benjamin|Dr|WYPLOSZ|Benjamin
1059|Dr CARLIER Nicolas|Dr|CARLIER|Nicolas
1060|Dr BOUSSAUD Veronique|Dr|BOUSSAUD|Veronique
1061|Dr SEGOUIN Christophe|Dr|SEGOUIN|Christophe
1062|Dr PERNET Julie|Dr|PERNET|Julie
1063|Dr FREUND Yonathan|Dr|FREUND|Yonathan
1064|Dr MAISONNEUVE Emeline|Dr|MAISONNEUVE|Emeline
1065|Dr CHELOUFI Meryam|Dr|CHELOUFI|Meryam
1066|Dr AARON Emmanuelle|Dr|AARON|Emmanuelle
1067|Dr ABDEL WAHAB Hakim|Dr|ABDEL WAHAB|Hakim
1068|Dr ALLIEL Celine|Dr|ALLIEL|Celine
1069|Dr ARNOULD Thomas Alain|Dr|ARNOULD|Thomas Alain
1070|Dr DEMORY Nathalie|Dr|DEMORY|Nathalie
1071|Dr BARGHOUT Majed|Dr|BARGHOUT|Majed
1072|Dr BELLAICHE Guy|Dr|BELLAICHE|Guy
1073|Dr BERGERON Corinne|Dr|BERGERON|Corinne
1074|Dr BERTRAND Catherine|Dr|BERTRAND|Catherine
1075|Dr BLED Quentin|Dr|BLED|Quentin
1076|Dr AMARSY Rishma|Dr|AMARSY|Rishma
1077|Dr BOCHE Thevy|Dr|BOCHE|Thevy
1078|Dr BOURDET-MATHIS Maxence|Dr|BOURDET-MATHIS|Maxence
1079|Dr BOUSSARIE Lucas|Dr|BOUSSARIE|Lucas
1080|Dr CHERVET Delphine|Dr|CHERVET|Delphine
1081|Dr COULIBALY Kadiba|Dr|COULIBALY|Kadiba
1082|Dr DA SILVA Melissa|Dr|DA SILVA|Melissa
1083|Dr DYENS Julia|Dr|DYENS|Julia
1084|Dr ECHARD Alexandre|Dr|ECHARD|Alexandre
1085|Dr FLAUDER Elodie|Dr|FLAUDER|Elodie
1086|Dr GAZIN Nicolas|Dr|GAZIN|Nicolas
1087|Dr GERARD David|Dr|GERARD|David
1088|Dr GOLDMAN William|Dr|GOLDMAN|William
1089|Dr HEIDET Matthieu|Dr|HEIDET|Matthieu
1090|Dr HOOKER Corinne|Dr|HOOKER|Corinne
1091|Dr HORIOT Alexandre|Dr|HORIOT|Alexandre
1092|Dr JBEILI Chadi|Dr|JBEILI|Chadi
1093|Dr KHALID Mohamed|Dr|KHALID|Mohamed
1094|Dr LACROZE Marie|Dr|LACROZE|Marie
1095|Dr LADKA Agnes|Dr|LADKA|Agnes
1096|Dr LATERRADE Mathias|Dr|LATERRADE|Mathias
1097|Dr LAURENT Gabriel|Dr|LAURENT|Gabriel
1098|Dr LE CORRE Melanie|Dr|LE CORRE|Melanie
1099|Dr LECARPENTIER Eric|Dr|LECARPENTIER|Eric
1100|Dr LOUCHENE Latifa|Dr|LOUCHENE|Latifa
1101|Dr MANSOURI Nadia|Dr|MANSOURI|Nadia
1102|Dr MARGENET BAUDRY Alain|Dr|MARGENET BAUDRY|Alain
1103|Dr MARTY Jean Louis|Dr|MARTY|Jean Louis
1104|Dr MOTYKA Benjamin|Dr|MOTYKA|Benjamin
1105|Dr NAKLE Nicolas|Dr|NAKLE|Nicolas
1106|Dr NGUYEN Antoine|Dr|NGUYEN|Antoine
1107|Dr PARIN Roxane|Dr|PARIN|Roxane
1108|Dr PENTIER Camille|Dr|PENTIER|Camille
1109|Dr PEREIRA Jean Michel|Dr|PEREIRA|Jean Michel
1110|Dr RENOU Maxime|Dr|RENOU|Maxime
1111|Dr REVAUX Francois|Dr|REVAUX|Francois
1112|Dr SOUPIZET Francois|Dr|SOUPIZET|Francois
1113|Dr TRAVERS Nicolas|Dr|TRAVERS|Nicolas
1114|Dr VAUX Julien|Dr|VAUX|Julien
1115|Dr YOUNSI Karim|Dr|YOUNSI|Karim
1116|Dr FRATTINI Benoit|Dr|FRATTINI|Benoit
1117|Dr FRAUDIN Adrien|Dr|FRAUDIN|Adrien
1118|Dr LE ROUX Bertrand|Dr|LE ROUX|Bertrand
1119|Dr LOPEZ Lou|Dr|LOPEZ|Lou
1120|Dr MACON Constance|Dr|MACON|Constance
1121|Dr RAMJAUN Yassir Ahmad|Dr|RAMJAUN|Yassir Ahmad
1122|Dr RICHY Clemence|Dr|RICHY|Clemence
1123|Dr SAINT-MARC Brice|Dr|SAINT-MARC|Brice
1124|Dr SIMOES Amandine|Dr|SIMOES|Amandine
1125|Dr ASLANBEKOVA Natella|Dr|ASLANBEKOVA|Natella
1126|Dr AZOULAY Célia|Dr|AZOULAY|Célia
1127|Dr BABER Alistair Sylvain|Dr|BABER|Alistair Sylvain
1128|Dr BEAUDEAU Lauren Marylin|Dr|BEAUDEAU|Lauren Marylin
1129|Dr BEAUDEQUIN Nausicaa|Dr|BEAUDEQUIN|Nausicaa
1130|Dr BIDET Béatrice|Dr|BIDET|Béatrice
1131|Dr BLANCHE Philippe|Dr|BLANCHE|Philippe
1132|Dr BREILLAT Paul|Dr|BREILLAT|Paul
1133|Dr BUI QUANG Thach|Dr|BUI QUANG|Thach
1134|Dr BURBAN Pauline|Dr|BURBAN|Pauline
1135|Dr BURGEL Pierre-Régis|Dr|BURGEL|Pierre-Régis
1136|Dr CAMBOULIVE Alice|Dr|CAMBOULIVE|Alice
1137|Dr CARON Maxime|Dr|CARON|Maxime
1138|Dr CASADEVALL Marion|Dr|CASADEVALL|Marion
1139|Dr CATANO Jennifer|Dr|CATANO|Jennifer
1140|Dr CHAABANE Nouha|Dr|CHAABANE|Nouha
1141|Dr CHAIGNE Benjamin|Dr|CHAIGNE|Benjamin
1142|Dr CHAPRON Jeanne|Dr|CHAPRON|Jeanne
1143|Dr COEZ Laure|Dr|COEZ|Laure
1144|Dr COHEN Pascal|Dr|COHEN|Pascal
1145|Dr COMPAGNUCCI SEGUENOT Maria|Dr|COMPAGNUCCI SEGUENOT|Maria
1146|Dr CORTIER Marie|Dr|CORTIER|Marie
1147|Dr COSTEDOAT-CHALUMEAU Nathalie|Dr|COSTEDOAT-CHALUMEAU|Nathalie
1148|Dr DESSAIX Kathleen|Dr|DESSAIX|Kathleen
1149|Dr DUBUT GIRAUD Fréderique|Dr|DUBUT GIRAUD|Fréderique
1150|Dr DUNOGUE Bertrand|Dr|DUNOGUE|Bertrand
1151|Dr DUSSER Daniel|Dr|DUSSER|Daniel
1152|Dr EL HUSSEINI Kinan|Dr|EL HUSSEINI|Kinan
1153|Dr ERNY Khamelia|Dr|ERNY|Khamelia
1154|Dr GAYRAUD Martine|Dr|GAYRAUD|Martine
1155|Dr GUETTROT IMBERT Gaelle|Dr|GUETTROT IMBERT|Gaelle
1156|Dr GUILLEVIN Loïc|Dr|GUILLEVIN|Loïc
1157|Dr HABIB MAILLARD Stéfanie|Dr|HABIB MAILLARD|Stéfanie
1158|Dr HESHMATI Farhad|Dr|HESHMATI|Farhad
1159|Dr HONORE Isabelle|Dr|HONORE|Isabelle
1160|Dr HOSSEINI Roxana|Dr|HOSSEINI|Roxana
1161|Dr HUBERT Dominique|Dr|HUBERT|Dominique
1162|Dr JIMENEZ David|Dr|JIMENEZ|David
1163|Dr JOUMAA Hassan|Dr|JOUMAA|Hassan
1164|Dr KERNEIS Solen|Dr|KERNEIS|Solen
1165|Dr LAABAN Jean-Pierre|Dr|LAABAN|Jean-Pierre
1166|Dr LAFOESTE Hélène|Dr|LAFOESTE|Hélène
1167|Dr LE GUERN Véronique|Dr|LE GUERN|Véronique
1168|Dr LE JEUNNE Claire|Dr|LE JEUNNE|Claire
1169|Dr KANAAN Reem|Dr|KANAAN|Reem
1170|Dr LEFEBVRE Aurélie|Dr|LEFEBVRE|Aurélie
1171|Dr LEGENDRE Paul|Dr|LEGENDRE|Paul
1172|Dr LORUT Christine|Dr|LORUT|Christine
1173|Dr LURIE Alain|Dr|LURIE|Alain
1174|Dr MAILLARD Nathalie|Dr|MAILLARD|Nathalie
1175|Dr MAILLEY Ombeline|Dr|MAILLEY|Ombeline
1176|Dr MAJERSDORF-SOTTO Marion|Dr|MAJERSDORF-SOTTO|Marion
1177|Dr MAREY Jonathan|Dr|MAREY|Jonathan
1178|Dr MARTIN Clémence|Dr|MARTIN|Clémence
1179|Dr MERIA Augustin|Dr|MERIA|Augustin
1180|Dr LAFONT Emmanuel|Dr|LAFONT|Emmanuel
1181|Dr SEVERIN Armelle|Dr|SEVERIN|Armelle
1182|Dr DOUGE Guillaume|Dr|DOUGE|Guillaume
1183|Dr RICARD HIBON Agnes|Dr|RICARD HIBON|Agnes
1184|Dr MIRAULT Tristan|Dr|MIRAULT|Tristan
1185|Dr ENOMOTO Tomoki|Dr|ENOMOTO|Tomoki
1186|Dr HALLADE RASQUIN Helene|Dr|HALLADE RASQUIN|Helene
1187|Dr CAZEAU Ariane|Dr|CAZEAU|Ariane
1188|Dr ZARKA Samuel|Dr|ZARKA|Samuel
1189|Dr SALDMANN Frederic|Dr|SALDMANN|Frederic
1190|Dr CHENG Charles|Dr|CHENG|Charles
1191|Dr CHAHIM Maxime|Dr|CHAHIM|Maxime
1192|Dr SCHAEFFER Stephanie|Dr|SCHAEFFER|Stephanie
1193|Dr GOUDOT Guillaume|Dr|GOUDOT|Guillaume
1194|Dr DENARIE Nicolas|Dr|DENARIE|Nicolas
1195|Dr SAYS Jerome|Dr|SAYS|Jerome
1196|Dr SANSON Helene|Dr|SANSON|Helene
1197|Dr ALMOSNI Jennifer|Dr|ALMOSNI|Jennifer
1198|Dr MESSAS Emmanuel|Dr|MESSAS|Emmanuel
1199|Dr ZANDI Parissa|Dr|ZANDI|Parissa
1200|Dr KHIDER Lina|Dr|KHIDER|Lina
1201|Dr ATTIAS Rebecca|Dr|ATTIAS|Rebecca
1202|Dr COUDERC Estelle|Dr|COUDERC|Estelle
1203|Dr GUEDON Alexis|Dr|GUEDON|Alexis
1204|Dr DELARUE Audrey|Dr|DELARUE|Audrey
1205|Dr MOHAMEDI Nassim|Dr|MOHAMEDI|Nassim
1206|Dr CLEOFORT Vincent|Dr|CLEOFORT|Vincent
1207|Dr MAGNAN Benjamin|Dr|MAGNAN|Benjamin
1208|Dr HAUTIN Ryan|Dr|HAUTIN|Ryan
1209|Dr ROFFE Ariel|Dr|ROFFE|Ariel
1210|Dr ED-DEMRI Youssef|Dr|ED-DEMRI|Youssef
1211|Dr DURIVAGE Andreanne|Dr|DURIVAGE|Andreanne
1212|Dr MIGNARD Xavier|Dr|MIGNARD|Xavier
1213|Dr MORBIEU Caroline|Dr|MORBIEU|Caroline
1214|Dr MOUSSAOUI Hanafi|Dr|MOUSSAOUI|Hanafi
1215|Dr MOUTHON Luc|Dr|MOUTHON|Luc
1216|Dr NGUYEN Khoa Luat|Dr|NGUYEN|Khoa Luat
1217|Dr PASCAL Sophie|Dr|PASCAL|Sophie
1218|Dr PUECHAL Xavier|Dr|PUECHAL|Xavier
1219|Dr REGARD Lucile|Dr|REGARD|Lucile
1220|Dr REGENT Alexis|Dr|REGENT|Alexis
1221|Dr ROBERT Anne|Dr|ROBERT|Anne
1222|Dr ROCHE Nicolas|Dr|ROCHE|Nicolas
1223|Dr SCAVENNEC Rodolphe|Dr|SCAVENNEC|Rodolphe
1224|Dr SCHLEGEL Hugues|Dr|SCHLEGEL|Hugues
1225|Dr SERRIER Philippe|Dr|SERRIER|Philippe
1226|Dr SWIDERSKI Julien|Dr|SWIDERSKI|Julien
1227|Dr SZWEBEL Tali Anne|Dr|SZWEBEL|Tali Anne
1228|Dr TEBOUL Alexandre|Dr|TEBOUL|Alexandre
1229|Dr TERRIER Benjamin|Dr|TERRIER|Benjamin
1230|Dr VALERY Solene|Dr|VALERY|Solene
1231|Dr WESNER Nadège|Dr|WESNER|Nadège
1232|Dr ZAIEN YOUCEFI Inès|Dr|ZAIEN YOUCEFI|Inès
1233|Dr ZANCHETTA-BALINT URDANGARAY Fabian Pablo|Dr|ZANCHETTA-BALINT URDANGARAY|Fabian Pablo
1234|Dr BAER Michel|Dr|BAER|Michel
1235|Dr BOUTET Jeremie|Dr|BOUTET|Jeremie
1236|Dr CASSUTO Margot|Dr|CASSUTO|Margot
1237|Dr CHAHUNEAU Julien|Dr|CHAHUNEAU|Julien
1238|Dr CONINX Pierre|Dr|CONINX|Pierre
1239|Dr FLEISCHEL Catherine|Dr|FLEISCHEL|Catherine
1240|Dr GROIZARD Charles|Dr|GROIZARD|Charles
1241|Dr LAFFRAT Isabelle|Dr|LAFFRAT|Isabelle
1242|Dr LEBAIL Gaelle|Dr|LEBAIL|Gaelle
1243|Dr REUTER Paul-George|Dr|REUTER|Paul-George
1244|Dr URSAT Cecile|Dr|URSAT|Cecile
1245|Dr ALFANDARI Marie-Elise|Dr|ALFANDARI|Marie-Elise
1246|Dr COLOMES Abel|Dr|COLOMES|Abel
1247|Dr COULOMB Audrey|Dr|COULOMB|Audrey
1248|Dr KOUNG Nancya|Dr|KOUNG|Nancya
1249|Dr SESTIER Olivia|Dr|SESTIER|Olivia
1250|Dr THARSIS Cedric|Dr|THARSIS|Cedric
1251|Dr A Supprimer|Dr|A|Supprimer
1252|Dr CHOLLET-XEMARD Charlotte|Dr|CHOLLET-XEMARD|Charlotte
1253|Dr BERCHERIE Julie|Dr|BERCHERIE|Julie
1254|Dr VETILLARD Pauline|Dr|VETILLARD|Pauline
1255|Dr DELAVAUX Christine|Dr|DELAVAUX|Christine
1256|Dr LE BRAS Philippe|Dr|LE BRAS|Philippe
1257|Dr MAO Celina|Dr|MAO|Celina
1258|Dr BOUCHAUD Olivier|Dr|BOUCHAUD|Olivier
1259|Dr MECHAI Frederic|Dr|MECHAI|Frederic
1260|Dr CAILHOL Johann|Dr|CAILHOL|Johann
1261|Dr DOURNON Nathalie|Dr|DOURNON|Nathalie
1262|Dr CORDEL Hugues|Dr|CORDEL|Hugues
1263|Dr GOUPIL DE BOUILLE Jeanne|Dr|GOUPIL DE BOUILLE|Jeanne
1264|Dr TANTET Claire|Dr|TANTET|Claire
1265|Dr OUEDRAOGO Elise|Dr|OUEDRAOGO|Elise
1266|Dr LE JOUBIOUX Clemence|Dr|LE JOUBIOUX|Clemence
1267|Dr BADORO Hamdani Boulfa|Dr|BADORO|Hamdani Boulfa
1268|Dr KOLAKOWSKA Agnieszka|Dr|KOLAKOWSKA|Agnieszka
1269|Dr MAMONA KILU Christel|Dr|MAMONA KILU|Christel
1270|Dr DAHMANE Lotfi|Dr|DAHMANE|Lotfi
1271|Dr LABAN Thibault|Dr|LABAN|Thibault
1272|Dr LOEB Thomas|Dr|LOEB|Thomas
1273|Dr CONTEJEAN Adrien|Dr|CONTEJEAN|Adrien
1274|Dr AMRIOUI Fatima|Dr|AMRIOUI|Fatima
1275|Dr LANTERNIER Fanny|Dr|LANTERNIER|Fanny
1276|Dr PARIZE Perrine|Dr|PARIZE|Perrine
1277|Dr CHARLIER Caroline|Dr|CHARLIER|Caroline
1278|Dr ROUZAUD Claire|Dr|ROUZAUD|Claire
1279|Dr ALBY LAURENT Fanny|Dr|ALBY LAURENT|Fanny
1280|Dr DOMAN Marc|Dr|DOMAN|Marc
1281|Dr HEID Benoît|Dr|HEID|Benoît
1282|Dr DELAPORTE DESVAUX Clémentine|Dr|DELAPORTE DESVAUX|Clémentine
1283|Dr LARBI Abdelaziz|Dr|LARBI|Abdelaziz
1284|Dr NUNES Hilario|Dr|NUNES|Hilario
1285|Dr SADOUN DANINO Danielle|Dr|SADOUN DANINO|Danielle
1286|Dr ZILBER Diane|Dr|ZILBER|Diane
1287|Dr UZUNHAN Yurdagul|Dr|UZUNHAN|Yurdagul
1288|Dr FREYNET Olivia|Dr|FREYNET|Olivia
1289|Dr JENY Florence|Dr|JENY|Florence
1290|Dr DIDIER MARCELOT Morgane|Dr|DIDIER MARCELOT|Morgane
1291|Dr ROTENBERG Cecile|Dr|ROTENBERG|Cecile
1292|Dr KORT Fatma|Dr|KORT|Fatma
1293|Dr MOUREN Domitille|Dr|MOUREN|Domitille
1294|Dr CARADEC Emmanuella|Dr|CARADEC|Emmanuella
1295|Dr CHAUVEAU Simon|Dr|CHAUVEAU|Simon
1296|Dr AZOULAY Levi-Dan|Dr|AZOULAY|Levi-Dan
1297|Dr ZROUNBA Mathilde Anouche|Dr|ZROUNBA|Mathilde Anouche
1298|Dr HERVE Aurélie|Dr|HERVE|Aurélie
1299|Dr BADARANI Oumama|Dr|BADARANI|Oumama
1300|Dr DUCHEMANN Boris|Dr|DUCHEMANN|Boris
1301|Dr SESE Lucile|Dr|SESE|Lucile
1302|Dr GILLE Thomas|Dr|GILLE|Thomas
1303|Dr FIOR Renato|Dr|FIOR|Renato
1304|Dr AMAR KHODJA Safia|Dr|AMAR KHODJA|Safia
1305|Dr ABGRALL Sophie|Dr|ABGRALL|Sophie
1306|Dr ANDRONIKOF Marc|Dr|ANDRONIKOF|Marc
1307|Dr BOUE François|Dr|BOUE|François
1308|Dr BOURGEON GHITTORI Muriel|Dr|BOURGEON GHITTORI|Muriel
1309|Dr CHARY Isabelle|Dr|CHARY|Isabelle
1310|Dr DOUEDARI Fadia|Dr|DOUEDARI|Fadia
1311|Dr MARTIN Yann|Dr|MARTIN|Yann
1312|Dr MION Mathieu|Dr|MION|Mathieu
1313|Dr MOLITOR Jean Luc|Dr|MOLITOR|Jean Luc
1314|Dr RECHATIN Bruno|Dr|RECHATIN|Bruno
1315|Dr CHAMBRIN Veronique|Dr|CHAMBRIN|Veronique
1316|Dr PIGNON Carole|Dr|PIGNON|Carole
1317|Dr LUCAS AMICHI Axelle|Dr|LUCAS AMICHI|Axelle
1318|Dr BUSSONE Guillaume|Dr|BUSSONE|Guillaume
1319|Dr POMEL Anne-Laure|Dr|POMEL|Anne-Laure
1320|Dr VIGNES Dorothee|Dr|VIGNES|Dorothee
1321|Dr STERPU Raluca|Dr|STERPU|Raluca
1322|Dr MERCADIER-RIAZ Elise|Dr|MERCADIER-RIAZ|Elise
1323|Dr FAVIER Marion|Dr|FAVIER|Marion
1324|Dr KANSAU Imad|Dr|KANSAU|Imad
1325|Dr LUCENAY Sonia|Dr|LUCENAY|Sonia
1326|Dr BARTHIER Sophie|Dr|BARTHIER|Sophie
1327|Dr BASTIANI Sophie|Dr|BASTIANI|Sophie
1328|Dr HASSEN Raouia|Dr|HASSEN|Raouia
1329|Dr JAMIN Astrid Angele|Dr|JAMIN|Astrid Angele
1330|Dr METZGER Marie-Hélène|Dr|METZGER|Marie-Hélène
1331|Dr PERIC Anne Solene|Dr|PERIC|Anne Solene
1332|Dr KONKINA MILLET Maria|Dr|KONKINA MILLET|Maria
1333|Dr DUSSOURT Alix|Dr|DUSSOURT|Alix
1334|Dr PEYRAC Geoffroy|Dr|PEYRAC|Geoffroy
1335|Dr BRAHEM Dorra|Dr|BRAHEM|Dorra
1336|Dr JUTANT Etienne-Marie|Dr|JUTANT|Etienne-Marie
1337|Dr LAFAURIE Matthieu|Dr|LAFAURIE|Matthieu
1338|Dr BITTAN Jerome|Dr|BITTAN|Jerome
1339|Dr HEDJOUDJE Abdellah|Dr|HEDJOUDJE|Abdellah
1340|Dr GALY Adrien|Dr|GALY|Adrien
1341|Dr ORTIZ-CARLE Adrien|Dr|ORTIZ-CARLE|Adrien
1342|Dr CACHIER Agnes|Dr|CACHIER|Agnes
1343|Dr LEFORT DES YLOUSES Agnes|Dr|LEFORT DES YLOUSES|Agnes
1344|Dr CARAUX PAZ Pauline|Dr|CARAUX PAZ|Pauline
1345|Dr DIALLO Kévin|Dr|DIALLO|Kévin
1346|Dr SEPULVEDA Ailton|Dr|SEPULVEDA|Ailton
1347|Dr BELKACEM Anna|Dr|BELKACEM|Anna
1348|Dr RAFFETIN Alice|Dr|RAFFETIN|Alice
1349|Dr NUZZO Alexandre|Dr|NUZZO|Alexandre
1350|Dr AUBERT Alain|Dr|AUBERT|Alain
1351|Dr KOUBY Florianne|Dr|KOUBY|Florianne
1352|Dr SAUVANET Alain|Dr|SAUVANET|Alain
1353|Dr MEDINA Fernanda|Dr|MEDINA|Fernanda
1354|Dr BARD Claudine|Dr|BARD|Claudine
1355|Dr FRONTALI Alice|Dr|FRONTALI|Alice
1356|Dr JAAFAR Daniella|Dr|JAAFAR|Daniella
1357|Dr LANDRIEUX Amandine|Dr|LANDRIEUX|Amandine
1358|Dr CHOUARD Amelie|Dr|CHOUARD|Amelie
1359|Dr PALEN Anais|Dr|PALEN|Anais
1360|Dr CASSAGNE Angele|Dr|CASSAGNE|Angele
1361|Dr VEDIE Anne Laure|Dr|VEDIE|Anne Laure
1362|Dr PAYANCE Audrey|Dr|PAYANCE|Audrey
1363|Dr BEAUFRERE Aurelie|Dr|BEAUFRERE|Aurelie
1364|Dr PLESSIER Aurelie|Dr|PLESSIER|Aurelie
1365|Dr BONNET Baptiste|Dr|BONNET|Baptiste
1366|Dr BOUKEBOUS Baptiste|Dr|BOUKEBOUS|Baptiste
1367|Dr AUSSILHOU Beatrice|Dr|AUSSILHOU|Beatrice
1368|Dr DOUAY Benedicte|Dr|DOUAY|Benedicte
1369|Dr VINCENT Bruno|Dr|VINCENT|Bruno
1370|Dr STEFANESCU Carmen|Dr|STEFANESCU|Carmen
1371|Dr FERNET Charlotte|Dr|FERNET|Charlotte
1372|Dr VACHER Christian|Dr|VACHER|Christian
1373|Dr VERNISSE Chrystelle|Dr|VERNISSE|Chrystelle
1374|Dr PREVITALI Clelia|Dr|PREVITALI|Clelia
1375|Dr OLLENDE Crepin|Dr|OLLENDE|Crepin
1376|Dr GUILLAUD DANIS Constance|Dr|GUILLAUD DANIS|Constance
1377|Dr GUILLAUD DANIS Abdeslame|Dr|GUILLAUD DANIS|Abdeslame
1378|Dr GOUNOU MOTCHOFO Adrien|Dr|GOUNOU MOTCHOFO|Adrien
1379|Dr ZAKINE Adrien|Dr|ZAKINE|Adrien
1380|Dr LE SEAC'H Agathe|Dr|LE SEAC'H|Agathe
1381|Dr MHALLA Alaa|Dr|MHALLA|Alaa
1382|Dr BOUZIT Abdeslame|Dr|BOUZIT|Abdeslame
1383|Dr CALAS Albane|Dr|CALAS|Albane
1384|Dr OSTOJIC Alexandre|Dr|OSTOJIC|Alexandre
1385|Dr BREHON Alice|Dr|BREHON|Alice
1386|Dr SAVATTE Alice|Dr|SAVATTE|Alice
1387|Dr VIARNAUD Alice|Dr|VIARNAUD|Alice
1388|Dr DANGIEN Ambre|Dr|DANGIEN|Ambre
1389|Dr DJEDDI Amina|Dr|DJEDDI|Amina
1390|Dr BELATTAR Amira|Dr|BELATTAR|Amira
1391|Dr JEBALI Amna|Dr|JEBALI|Amna
1392|Dr PIMENTEL Ana|Dr|PIMENTEL|Ana
1393|Dr MANESCAU BAZILLAC Anh Thu|Dr|MANESCAU BAZILLAC|Anh Thu
1394|Dr CHABA Anis|Dr|CHABA|Anis
1395|Dr BOUEILH Anna|Dr|BOUEILH|Anna
1396|Dr SIMANTOV Anne|Dr|SIMANTOV|Anne
1397|Dr SCAIN Anne-Laure|Dr|SCAIN|Anne-Laure
1398|Dr LEYS Annick|Dr|LEYS|Annick
1399|Dr KHOSROWSHAHI Anoosha|Dr|KHOSROWSHAHI|Anoosha
1400|Dr SOUDAN Damien|Dr|SOUDAN|Damien
1401|Dr DELUNEL Arnaud|Dr|DELUNEL|Arnaud
1402|Dr MOISAN Delphine|Dr|MOISAN|Delphine
1403|Dr JANNIC Arnaud|Dr|JANNIC|Arnaud
1404|Dr CASALS HATEM Dominique|Dr|CASALS HATEM|Dominique
1405|Dr MAGEAU Arthur|Dr|MAGEAU|Arthur
1406|Dr MAUSOLEO Aude|Dr|MAUSOLEO|Aude
1407|Dr MELIN Audrey|Dr|MELIN|Audrey
1408|Dr VALLA Dominique|Dr|VALLA|Dominique
1409|Dr COLLE Elise|Dr|COLLE|Elise
1410|Dr OLIOSI Emma|Dr|OLIOSI|Emma
1411|Dr KARGOUGOU Eric|Dr|KARGOUGOU|Eric
1412|Dr SOKAL Aurélien|Dr|SOKAL|Aurélien
1413|Dr BONVALET Fanny|Dr|BONVALET|Fanny
1414|Dr BOUIDIDA Bayane|Dr|BOUIDIDA|Bayane
1415|Dr DONDERO POZZO Federica|Dr|DONDERO POZZO|Federica
1416|Dr GUILLOU Floride|Dr|GUILLOU|Floride
1417|Dr LE VAVASSEUR Benjamin|Dr|LE VAVASSEUR|Benjamin
1418|Dr JOLY Francoise|Dr|JOLY|Francoise
1419|Dr LY Benoit|Dr|LY|Benoit
1420|Dr GODEAU Bertrand|Dr|GODEAU|Bertrand
1421|Dr PRAT Frederic|Dr|PRAT|Frederic
1422|Dr MAIRE Frederique|Dr|MAIRE|Frederique
1423|Dr IAKOVLEV Gueorgui|Dr|IAKOVLEV|Gueorgui
1424|Dr DANA Jeremy|Dr|DANA|Jeremy
1425|Dr BEN TAARIT Boutheina|Dr|BEN TAARIT|Boutheina
1426|Dr AMARA Brahim|Dr|AMARA|Brahim
1427|Dr NENERT Brigitte|Dr|NENERT|Brigitte
1428|Dr HUA Camille|Dr|HUA|Camille
1429|Dr GOUVERNEUR Capucine|Dr|GOUVERNEUR|Capucine
1430|Dr DIET Carine|Dr|DIET|Carine
1431|Dr ARTIS Carolie|Dr|ARTIS|Carolie
1432|Dr FIANI Caroline|Dr|FIANI|Caroline
1433|Dr GREGORY Jules|Dr|GREGORY|Jules
1434|Dr MUSSET Caroline|Dr|MUSSET|Caroline
1435|Dr LAMIAUX Lea|Dr|LAMIAUX|Lea
1436|Dr LEBRE D ANTHOUARD DE VRAI Cécile|Dr|LEBRE D ANTHOUARD DE VRAI|Cécile
1437|Dr MAGGIORI Leon|Dr|MAGGIORI|Leon
1438|Dr BILLIAUWS Lore|Dr|BILLIAUWS|Lore
1439|Dr PESQUE Louise|Dr|PESQUE|Louise
1440|Dr CHANTEUX Lucas|Dr|CHANTEUX|Lucas
1441|Dr BOLIGNANO Lucie|Dr|BOLIGNANO|Lucie
1442|Dr LAURENT Lucie|Dr|LAURENT|Lucie
1443|Dr MOGA Lucile|Dr|MOGA|Lucile
1444|Dr CASSIANIDES Cédric|Dr|CASSIANIDES|Cédric
1445|Dr SCHMIDT Madeline|Dr|SCHMIDT|Madeline
1446|Dr DROUMAGUET Céline|Dr|DROUMAGUET|Céline
1447|Dr ZAPPA Magaly|Dr|ZAPPA|Magaly
1448|Dr VELTER Charles|Dr|VELTER|Charles
1449|Dr TAWFIK Mamhouh|Dr|TAWFIK|Mamhouh
1450|Dr BERNIGAUD Charlotte|Dr|BERNIGAUD|Charlotte
1451|Dr ROUSSEAU Marc Antoine|Dr|ROUSSEAU|Marc Antoine
1452|Dr CHARPENTIER Chloé|Dr|CHARPENTIER|Chloé
1453|Dr KASSASSEYA Christian|Dr|KASSASSEYA|Christian
1454|Dr CERTIN Marie|Dr|CERTIN|Marie
1455|Dr GAUTRON Marie Astrid|Dr|GAUTRON|Marie Astrid
1456|Dr AJZENBERG Christiane|Dr|AJZENBERG|Christiane
1457|Dr VUILLERME Marie Pierre|Dr|VUILLERME|Marie Pierre
1458|Dr HOTZ Claire|Dr|HOTZ|Claire
1459|Dr BRAESCH Clément|Dr|BRAESCH|Clément
1460|Dr BEDBEDER Marion|Dr|BEDBEDER|Marion
1461|Dr MARQUES DE SANTOS Angelique|Dr|MARQUES DE SANTOS|Angelique
1462|Dr HENEGAR Corneliu|Dr|HENEGAR|Corneliu
1463|Dr GIACCA Massimo|Dr|GIACCA|Massimo
1464|Dr KHALIL Dania|Dr|KHALIL|Dania
1465|Dr DAHMANE Djamal|Dr|DAHMANE|Djamal
1466|Dr UZZAN Mathieu|Dr|UZZAN|Mathieu
1467|Dr SAHALI Djillali|Dr|SAHALI|Djillali
1468|Dr GAY Matthieu|Dr|GAY|Matthieu
1469|Dr BACHIR Dora|Dr|BACHIR|Dora
1470|Dr DIAZ Maxime|Dr|DIAZ|Maxime
1471|Dr FLACS Meredith|Dr|FLACS|Meredith
1472|Dr RICHAUD Clemence|Dr|RICHAUD|Clemence
1473|Dr FELCE Michele|Dr|FELCE|Michele
1474|Dr BOUATTOUR Mohamed|Dr|BOUATTOUR|Mohamed
1475|Dr ZOGHLAMI Mohamed|Dr|ZOGHLAMI|Mohamed
1476|Dr LESPAGNOL Morgane|Dr|LESPAGNOL|Morgane
1477|Dr BELMATOUG Nadia|Dr|BELMATOUG|Nadia
1478|Dr FAUCHER Sylvie|Dr|FAUCHER|Sylvie
1479|Dr BIBI NGOYI Natacha|Dr|BIBI NGOYI|Natacha
1480|Dr MONNET Margaux|Dr|MONNET|Margaux
1481|Dr GUEDJ Nathalie|Dr|GUEDJ|Nathalie
1482|Dr MULLER Nelly|Dr|MULLER|Nelly
1483|Dr BATISTA Cecile|Dr|BATISTA|Cecile
1484|Dr SKENDI Mariela|Dr|SKENDI|Mariela
1485|Dr DUQUESNOY Nicolas|Dr|DUQUESNOY|Nicolas
1486|Dr GUILLO Vincent|Dr|GUILLO|Vincent
1487|Dr MIKAIL Nidaa|Dr|MIKAIL|Nidaa
1488|Dr LE ROLLAND Isabelle|Dr|LE ROLLAND|Isabelle
1489|Dr HENTIC Olivia|Dr|HENTIC|Olivia
1490|Dr BRASSIER Julia|Dr|BRASSIER|Julia
1491|Dr A Supprimer|Dr|A|Supprimer
1492|Dr CORCOS Olivier|Dr|CORCOS|Olivier
1493|Dr ROUX Olivier|Dr|ROUX|Olivier
1494|Dr SOUBRANE Olivier|Dr|SOUBRANE|Olivier
1495|Dr VAITTINADA AYAR Prabakar|Dr|VAITTINADA AYAR|Prabakar
1496|Dr BARDET Pascal|Dr|BARDET|Pascal
1497|Dr CHAMBRIN Pauline|Dr|CHAMBRIN|Pauline
1498|Dr COUEROIS Pauline|Dr|COUEROIS|Pauline
1499|Dr NICOL Pauline|Dr|NICOL|Pauline
1500|Dr RAVASSE Perrine|Dr|RAVASSE|Perrine
1501|Dr AKNIN Sophie|Dr|AKNIN|Sophie
1502|Dr DECQ Philippe|Dr|DECQ|Philippe
1503|Dr GERARD Philippe|Dr|GERARD|Philippe
1504|Dr DE GOUVELLO Amaury|Dr|DE GOUVELLO|Amaury
1505|Dr LEVY Philippe|Dr|LEVY|Philippe
1506|Dr JAMMERON Veronique|Dr|JAMMERON|Veronique
1507|Dr RAUTOU Pierre Emmanuel|Dr|RAUTOU|Pierre Emmanuel
1508|Dr LEJEUNE Pauline|Dr|LEJEUNE|Pauline
1509|Dr CHEN ZEE Estelle|Dr|CHEN ZEE|Estelle
1510|Dr DUMASY Pierre|Dr|DUMASY|Pierre
1511|Dr KADRI Sabrina|Dr|KADRI|Sabrina
1512|Dr RIZET Valentine|Dr|RIZET|Valentine
1513|Dr PASSOT Raphaelle|Dr|PASSOT|Raphaelle
1514|Dr DABBAGH Sami|Dr|DABBAGH|Sami
1515|Dr OUMRANI Sarra|Dr|OUMRANI|Sarra
1516|Dr MEZIANE Sarrah|Dr|MEZIANE|Sarrah
1517|Dr FOIS Elena Judith|Dr|FOIS|Elena Judith
1518|Dr NEROME Simone|Dr|NEROME|Simone
1519|Dr DIAZ Emmanuelle|Dr|DIAZ|Emmanuelle
1520|Dr TRIALOUP Sarah Laure|Dr|TRIALOUP|Sarah Laure
1521|Dr BISMUTH Emy Keren|Dr|BISMUTH|Emy Keren
1522|Dr CURAC Sonja|Dr|CURAC|Sonja
1523|Dr TURQUIER Erwan|Dr|TURQUIER|Erwan
1524|Dr BOIXEL Sophi|Dr|BOIXEL|Sophi
1525|Dr CRICKX Etienne|Dr|CRICKX|Etienne
1526|Dr KALAMARIDES Sophie|Dr|KALAMARIDES|Sophie
1527|Dr LACAILLE Sophie|Dr|LACAILLE|Sophie
1528|Dr SEBAHOUN Stephane|Dr|SEBAHOUN|Stephane
1529|Dr MORGANT Stephanie|Dr|MORGANT|Stephanie
1530|Dr TRINH Fanny|Dr|TRINH|Fanny
1531|Dr TRIBOULET Felicien|Dr|TRIBOULET|Felicien
1532|Dr JANNY Sylvie|Dr|JANNY|Sylvie
1533|Dr TAHMI Fella|Dr|TAHMI|Fella
1534|Dr ASSELAH Tarif|Dr|ASSELAH|Tarif
1535|Dr FAILLOT Thierry|Dr|FAILLOT|Thierry
1536|Dr DRISS Francoise|Dr|DRISS|Francoise
1537|Dr BELPOMME Vanessa|Dr|BELPOMME|Vanessa
1538|Dr HONSEL Vasco|Dr|HONSEL|Vasco
1539|Dr DOR DE LASTOURS Victoire|Dr|DOR DE LASTOURS|Victoire
1540|Dr GOUTAGNY Stephane|Dr|GOUTAGNY|Stephane
1541|Dr GALACTEROS Frederic|Dr|GALACTEROS|Frederic
1542|Dr HIRSCH Gaelle|Dr|HIRSCH|Gaelle
1543|Dr DAMAS Victor|Dr|DAMAS|Victor
1544|Dr KALMI Galith|Dr|KALMI|Galith
1545|Dr REBOURS Vinciane|Dr|REBOURS|Vinciane
1546|Dr CHEMINET Geoffrey|Dr|CHEMINET|Geoffrey
1547|Dr ZARROUK Virginie|Dr|ZARROUK|Virginie
1548|Dr DUBOS LASCU Georgeta|Dr|DUBOS LASCU|Georgeta
1549|Dr ALLAHAM Wassim|Dr|ALLAHAM|Wassim
1550|Dr TRETON Xavier|Dr|TRETON|Xavier
1551|Dr NGUYEN Yann|Dr|NGUYEN|Yann
1552|Dr GABISON Germaine|Dr|GABISON|Germaine
1553|Dr BOUHNIK Yoram|Dr|BOUHNIK|Yoram
1554|Dr DE LUNA CARDENAL Gonzalo|Dr|DE LUNA CARDENAL|Gonzalo
1555|Dr PANIS Yves|Dr|PANIS|Yves
1556|Dr BONNARD Guillaume|Dr|BONNARD|Guillaume
1557|Dr LOUIS Zeina|Dr|LOUIS|Zeina
1558|Dr GENER Gwendoline|Dr|GENER|Gwendoline
1559|Dr CHENGUEL Zied|Dr|CHENGUEL|Zied
1560|Dr OVASKA Hanna|Dr|OVASKA|Hanna
1561|Dr ASSIER Haudrey|Dr|ASSIER|Haudrey
1562|Dr BOCQUET Helene|Dr|BOCQUET|Helene
1563|Dr MASBOU Helene|Dr|MASBOU|Helene
1564|Dr VINOLAS Helene|Dr|VINOLAS|Helene
1565|Dr GUILLET Henri|Dr|GUILLET|Henri
1566|Dr RAMANDIAMANANA Ianay|Dr|RAMANDIAMANANA|Ianay
1567|Dr BELGHITH Imen|Dr|BELGHITH|Imen
1568|Dr BOURNERIAS Irina|Dr|BOURNERIAS|Irina
1569|Dr SOUARE Issa|Dr|SOUARE|Issa
1570|Dr MORENO Jean-Christophe|Dr|MORENO|Jean-Christophe
1571|Dr AKOU'OU Jean-Florent|Dr|AKOU'OU|Jean-Florent
1572|Dr PLAQUET Jean Luc|Dr|PLAQUET|Jean Luc
1573|Dr DAVID Jean-Philippe|Dr|DAVID|Jean-Philippe
1574|Dr CASTELNEAU Jean-Pierre|Dr|CASTELNEAU|Jean-Pierre
1575|Dr FABRE Jean-Pierre|Dr|FABRE|Jean-Pierre
1576|Dr KAYAT Jeremy|Dr|KAYAT|Jeremy
1577|Dr LAGARDE Jessica|Dr|LAGARDE|Jessica
1578|Dr CATHALA Joanna|Dr|CATHALA|Joanna
1579|Dr RAFFIN-RICARD Joel|Dr|RAFFIN-RICARD|Joel
1580|Dr BACHELLEZ Jordan Nady|Dr|BACHELLEZ|Jordan Nady
1581|Dr FICKO Cecile|Dr|FICKO|Cecile
1582|Dr BESSELERE Renaud|Dr|BESSELERE|Renaud
1583|Dr PELLET Elodie|Dr|PELLET|Elodie
1584|Dr MASSIAS Josephine|Dr|MASSIAS|Josephine
1585|Dr ONISZCZUK Julie|Dr|ONISZCZUK|Julie
1586|Dr BOUDERAH Karima|Dr|BOUDERAH|Karima
1587|Dr NABID Karima|Dr|NABID|Karima
1588|Dr KEMACHE Kenza|Dr|KEMACHE|Kenza
1589|Dr BENCHETRIT Kevin|Dr|BENCHETRIT|Kevin
1590|Dr EZZEDINE Khaled|Dr|EZZEDINE|Khaled
1591|Dr EL KAROUI Khalil|Dr|EL KAROUI|Khalil
1592|Dr BOUACHI Khedidja|Dr|BOUACHI|Khedidja
1593|Dr ASSER Laetitia|Dr|ASSER|Laetitia
1594|Dr ALOUI Khouloud|Dr|ALOUI|Khouloud
1595|Dr ROUSSEAUX Laetitia|Dr|ROUSSEAUX|Laetitia
1596|Dr JELTI Lamia|Dr|JELTI|Lamia
1597|Dr ZIDI Lamine|Dr|ZIDI|Lamine
1598|Dr BARTHES Laura|Dr|BARTHES|Laura
1599|Dr GIRAUD Laura|Dr|GIRAUD|Laura
1600|Dr RICARD Laure|Dr|RICARD|Laure
1601|Dr FARDET Laurence|Dr|FARDET|Laurence
1602|Dr LE CLEACH Laurence|Dr|LE CLEACH|Laurence
1603|Dr NAKAD Lionel|Dr|NAKAD|Lionel
1604|Dr CORSIN Lola|Dr|CORSIN|Lola
1605|Dr GOGLIN Louise|Dr|GOGLIN|Louise
1606|Dr RAKOTONARIVO Louva|Dr|RAKOTONARIVO|Louva
1607|Dr GOHIER Lucas|Dr|GOHIER|Lucas
1608|Dr DEDIER Luce|Dr|DEDIER|Luce
1609|Dr AHMADI Mahsa|Dr|AHMADI|Mahsa
1610|Dr BOUNOUA Malika|Dr|BOUNOUA|Malika
1611|Dr ESTRUCH Manon|Dr|ESTRUCH|Manon
1612|Dr BUISSON Martin|Dr|BUISSON|Martin
1613|Dr CALBOREANU PINTA Alexandrina|Dr|CALBOREANU PINTA|Alexandrina
1614|Dr CASTIEL Philippe|Dr|CASTIEL|Philippe
1615|Dr DEROUINEAU Jean|Dr|DEROUINEAU|Jean
1616|Dr MICHEL Marc|Dr|MICHEL|Marc
1617|Dr HADACEK Maria-Blanca|Dr|HADACEK|Maria-Blanca
1618|Dr PRICOPI Maria|Dr|PRICOPI|Maria
1619|Dr LAURENT Marie Jeanine|Dr|LAURENT|Marie Jeanine
1620|Dr JAYLE Didier Max|Dr|JAYLE|Didier Max
1621|Dr KOUSIGNIAN Pascale|Dr|KOUSIGNIAN|Pascale
1622|Dr L'YAVANC Thomas|Dr|L'YAVANC|Thomas
1623|Dr NAIT-IGHIL Lella|Dr|NAIT-IGHIL|Lella
1624|Dr NGUYEN Thu Huyen|Dr|NGUYEN|Thu Huyen
1625|Dr FREY Carole|Dr|FREY|Carole
1626|Dr ZAHARIA Ramona|Dr|ZAHARIA|Ramona
1627|Dr NABET Luc|Dr|NABET|Luc
1628|Dr DZIERZYNSKI Nathalie|Dr|DZIERZYNSKI|Nathalie
1629|Dr FOLIGNE Marine|Dr|FOLIGNE|Marine
1630|Dr GAUBE Geraud|Dr|GAUBE|Geraud
1631|Dr CASSIAUX Audrey|Dr|CASSIAUX|Audrey
1632|Dr COGNAT BRAGEOT Mathilde|Dr|COGNAT BRAGEOT|Mathilde
1633|Dr OTMESGUINE Philippe|Dr|OTMESGUINE|Philippe
1634|Dr ROUSSELOT Helene|Dr|ROUSSELOT|Helene
1635|Dr SAIDI Sihem|Dr|SAIDI|Sihem
1636|Dr SPIRIDON Gabriela|Dr|SPIRIDON|Gabriela
1637|Dr WANG Louise|Dr|WANG|Louise
1638|Dr ZAK DIT ZBAR Olivier|Dr|ZAK DIT ZBAR|Olivier
1639|Dr USUBILLAGA Raphael|Dr|USUBILLAGA|Raphael
1640|Dr BRAZILLE Patricia|Dr|BRAZILLE|Patricia
1641|Dr MATIGNON Marie Benedicte|Dr|MATIGNON|Marie Benedicte
1642|Dr VICIANA Marie|Dr|VICIANA|Marie
1643|Dr CARIOT Marie Ange|Dr|CARIOT|Marie Ange
1644|Dr GAUTIER Marie Sophie|Dr|GAUTIER|Marie Sophie
1645|Dr BEN KAHLA Marouane|Dr|BEN KAHLA|Marouane
1646|Dr COLARD Martin|Dr|COLARD|Martin
1647|Dr MAHEVAS Matthieu|Dr|MAHEVAS|Matthieu
1648|Dr DAUVERGNE Maxime|Dr|DAUVERGNE|Maxime
1649|Dr FURTADO LEAL Meg|Dr|FURTADO LEAL|Meg
1650|Dr KHELLAF Mehdi|Dr|KHELLAF|Mehdi
1651|Dr SAAD Mostafa|Dr|SAAD|Mostafa
1652|Dr RAFAA Mostefa|Dr|RAFAA|Mostefa
1653|Dr DIENG Mouhamed|Dr|DIENG|Mouhamed
1654|Dr RANDREMANDRANTO RAZAFIMBE Narindra|Dr|RANDREMANDRANTO RAZAFIMBE|Narindra
1655|Dr LIMAL Nicolas|Dr|LIMAL|Nicolas
1656|Dr MUNOS Nicolas|Dr|MUNOS|Nicolas
1657|Dr SAADA Noemie|Dr|SAADA|Noemie
1658|Dr CHOSIDOW Olivier|Dr|CHOSIDOW|Olivier
1659|Dr MANSENCAL Nicolas|Dr|MANSENCAL|Nicolas
1660|Dr GAUDIN Olivier|Dr|GAUDIN|Olivier
1661|Dr MAUROU Olivier|Dr|MAUROU|Olivier
1662|Dr ZEHOU Ouidad|Dr|ZEHOU|Ouidad
1663|Dr BARTOLUCCI Pablo|Dr|BARTOLUCCI|Pablo
1664|Dr LESTANG Paul|Dr|LESTANG|Paul
1665|Dr GILLERON Pauline|Dr|GILLERON|Pauline
1666|Dr GRIMBERT Philippe|Dr|GRIMBERT|Philippe
1667|Dr GUOI Philippe|Dr|GUOI|Philippe
1668|Dr LANG Philippe|Dr|LANG|Philippe
1669|Dr REMY Philippe|Dr|REMY|Philippe
1670|Dr WOLKENSTEIN Pierre|Dr|WOLKENSTEIN|Pierre
1671|Dr MILED Rabeb|Dr|MILED|Rabeb
1672|Dr ESSER Remi|Dr|ESSER|Remi
1673|Dr BRAHAM Rim|Dr|BRAHAM|Rim
1674|Dr CHAABANE Rim|Dr|CHAABANE|Rim
1675|Dr GUELIMI Robin|Dr|GUELIMI|Robin
1676|Dr SALLE Romain|Dr|SALLE|Romain
1677|Dr BRESSAND Sabine|Dr|BRESSAND|Sabine
1678|Dr FERKAL Salah|Dr|FERKAL|Salah
1679|Dr JABER Samy|Dr|JABER|Samy
1680|Dr COURTADE BROUARD Sandrine|Dr|COURTADE BROUARD|Sandrine
1681|Dr ORO Saskia|Dr|ORO|Saskia
1682|Dr KRYPCIAK Sebastien|Dr|KRYPCIAK|Sebastien
1683|Dr HUYNH QUAN TRUNG Solene|Dr|HUYNH QUAN TRUNG|Solene
1684|Dr HERBAUD Stephane|Dr|HERBAUD|Stephane
1685|Dr GUILLET Stephanie|Dr|GUILLET|Stephanie
1686|Dr REGNIER Stephanie|Dr|REGNIER|Stephanie
1687|Dr DAVID Steven|Dr|DAVID|Steven
1688|Dr ROISIN Sylvie|Dr|ROISIN|Sylvie
1689|Dr ROTNEMER Tamara|Dr|ROTNEMER|Tamara
1690|Dr RANDRIANANDRASANA Teandraza|Dr|RANDRIANANDRASANA|Teandraza
1691|Dr GIBAULT Thierry|Dr|GIBAULT|Thierry
1692|Dr STEHLE Thomas|Dr|STEHLE|Thomas
1693|Dr OHNONA Tristan|Dr|OHNONA|Tristan
1694|Dr ECLANCHER Cam Tu Anh|Dr|ECLANCHER|Cam Tu Anh
1695|Dr EBADI Vahid|Dr|EBADI|Vahid
1696|Dr LIDOU-RENAULT Valentine|Dr|LIDOU-RENAULT|Valentine
1697|Dr BUFFARD Valerie|Dr|BUFFARD|Valerie
1698|Dr AUDARD Vincent|Dr|AUDARD|Vincent
1699|Dr BENAINOUS Olivier|Dr|BENAINOUS|Olivier
1700|Dr BLANDIN Constance|Dr|BLANDIN|Constance
1701|Dr MEKHANEG Lina|Dr|MEKHANEG|Lina
1702|Dr GARNIER Virginie|Dr|GARNIER|Virginie
1703|Dr COURTOIS Pauline|Dr|COURTOIS|Pauline
1704|Dr LAMBRON Julien|Dr|LAMBRON|Julien
1705|Dr VEYLON Pauline|Dr|VEYLON|Pauline
1706|Dr GUILLET Henri|Dr|GUILLET|Henri
1707|Dr BERREUR Sylvie|Dr|BERREUR|Sylvie
1708|Dr GIESI Clémence|Dr|GIESI|Clémence
1709|Dr DAVID Stephane|Dr|DAVID|Stephane
1710|Dr WU Sang Song|Dr|WU|Sang Song
1711|Dr ROUSSEL SIMONIN Cyril|Dr|ROUSSEL SIMONIN|Cyril
1712|Dr COMBET Margot|Dr|COMBET|Margot
1713|Dr PRIGENT Hélène|Dr|PRIGENT|Hélène
1714|Dr MINKA Caroline|Dr|MINKA|Caroline
1715|Dr CHEN MIAO Catarina|Dr|CHEN MIAO|Catarina
1716|Dr CHOPIN Dorothée|Dr|CHOPIN|Dorothée
1717|Dr CHAPON Christophe|Dr|CHAPON|Christophe
1718|Dr BRON Camille|Dr|BRON|Camille
1719|Dr CARMOI Thierry|Dr|CARMOI|Thierry
1720|Dr QUINT Laurent|Dr|QUINT|Laurent
1721|Dr JOZA Nicholas|Dr|JOZA|Nicholas
1722|Dr LARSY Stephane|Dr|LARSY|Stephane
1723|Dr FOULON Guillaume|Dr|FOULON|Guillaume
1724|Dr ANTONIOL POSTIC Stéphanie|Dr|ANTONIOL POSTIC|Stéphanie
1725|Dr BOUZID Donia|Dr|BOUZID|Donia
1726|Dr CASALINO Enrique|Dr|CASALINO|Enrique
1727|Dr CHAULET Anne Sophie|Dr|CHAULET|Anne Sophie
1728|Dr CHAVANCE Paul|Dr|CHAVANCE|Paul
1729|Dr CHOQUET Christophe|Dr|CHOQUET|Christophe
1730|Dr COLOSI Luisa|Dr|COLOSI|Luisa
1731|Dr DUPEYRAT Elise|Dr|DUPEYRAT|Elise
1732|Dr FALQUE Laure|Dr|FALQUE|Laure
1733|Dr FRACHON Alix|Dr|FRACHON|Alix
1734|Dr GHAZALI Aiham|Dr|GHAZALI|Aiham
1735|Dr GIL Yoan|Dr|GIL|Yoan
1736|Dr GUECHI Hadelhakim|Dr|GUECHI|Hadelhakim
1737|Dr GUERICOLAS Maximilien|Dr|GUERICOLAS|Maximilien
1738|Dr HELLMANN Romain|Dr|HELLMANN|Romain
1739|Dr HIJAZI Maher|Dr|HIJAZI|Maher
1740|Dr ING Vittiaroat|Dr|ING|Vittiaroat
1741|Dr ISMAIL Myriam|Dr|ISMAIL|Myriam
1742|Dr CANOUÏ Etienne|Dr|CANOUÏ|Etienne
1743|Dr KOUADIO Parfait|Dr|KOUADIO|Parfait
1744|Dr MINKA Sally|Dr|MINKA|Sally
1745|Dr AIELLO Tommaso Francesco|Dr|AIELLO|Tommaso Francesco
1746|Dr ASLANGUL Elisabeth|Dr|ASLANGUL|Elisabeth
1747|Dr BENKIRANE Faycal|Dr|BENKIRANE|Faycal
1748|Dr DELFORGE Juliette|Dr|DELFORGE|Juliette
1749|Dr GERARD Charlotte|Dr|GERARD|Charlotte
1750|Dr GOUNANE Rafik|Dr|GOUNANE|Rafik
1751|Dr HARRACH Oussama|Dr|HARRACH|Oussama
1752|Dr LELEU Agathe|Dr|LELEU|Agathe
1753|Dr NGUYEN Romain|Dr|NGUYEN|Romain
1754|Dr PASOTTI Caroline|Dr|PASOTTI|Caroline
1755|Dr PAUBERT Estelle|Dr|PAUBERT|Estelle
1756|Dr PAVLOSKY Thomas|Dr|PAVLOSKY|Thomas
1757|Dr PEREIRA Laurent|Dr|PEREIRA|Laurent
1758|Dr RANAIVOSON Michel|Dr|RANAIVOSON|Michel
1759|Dr RAVAUT Camille|Dr|RAVAUT|Camille
1760|Dr RENOUX Maéva|Dr|RENOUX|Maéva
1761|Dr REBERT Sarah|Dr|REBERT|Sarah
1762|Dr RENOUX Maeva|Dr|RENOUX|Maeva
1763|Dr RICHARD Arnaud François|Dr|RICHARD|Arnaud François
1764|Dr BRETAULT Marion|Dr|BRETAULT|Marion
1765|Dr BAKOPOULOS Sofia|Dr|BAKOPOULOS|Sofia
1766|Dr BAKOPOULOU Sofia|Dr|BAKOPOULOU|Sofia
1767|Dr TATIN Marion|Dr|TATIN|Marion
1768|Dr TIEGHEM Yoann|Dr|TIEGHEM|Yoann
1769|Dr VARTABEDIAN Pierre|Dr|VARTABEDIAN|Pierre
1770|Dr VERRY Vanessa|Dr|VERRY|Vanessa
1771|Dr YAMEOGO NABONS WINDE Jean|Dr|YAMEOGO NABONS WINDE|Jean
1772|Dr CLERY Richard|Dr|CLERY|Richard
1773|Dr GIGOT Swanie|Dr|GIGOT|Swanie
1774|Dr JEANSON Cecile|Dr|JEANSON|Cecile
1775|Dr KALKA Kadir|Dr|KALKA|Kadir
1776|Dr KENWAY Philippe|Dr|KENWAY|Philippe
1777|Dr MOUJAOUI Philippe|Dr|MOUJAOUI|Philippe
1778|Dr MACAUX Michelle|Dr|MACAUX|Michelle
1779|Dr VINCENDON Nathalie|Dr|VINCENDON|Nathalie
1780|Dr WILLEFERT Mathilde|Dr|WILLEFERT|Mathilde
1781|Dr DUJARDIN Leila|Dr|DUJARDIN|Leila
1782|Dr GODART Camille|Dr|GODART|Camille
1783|Dr ADDOU Sarah|Dr|ADDOU|Sarah
1784|Dr AGUADISCH Elise Elene|Dr|AGUADISCH|Elise Elene
1785|Dr AKODAD Hayatte|Dr|AKODAD|Hayatte
1786|Dr AMEUR Lydia|Dr|AMEUR|Lydia
1787|Dr BEGGAZ Yasmine|Dr|BEGGAZ|Yasmine
1788|Dr BOUGUENNA Idriss|Dr|BOUGUENNA|Idriss
1789|Dr BOUKANGA NKOULOU Nina Prisca|Dr|BOUKANGA NKOULOU|Nina Prisca
1790|Dr GORLICKI Judith|Dr|GORLICKI|Judith
1791|Dr HAMZA Lilia|Dr|HAMZA|Lilia
1792|Dr HSING Priscilia|Dr|HSING|Priscilia
1793|Dr IONESCU Roxana|Dr|IONESCU|Roxana
1794|Dr LASCAR Justine|Dr|LASCAR|Justine
1795|Dr MOURAD Jérôme|Dr|MOURAD|Jérôme
1796|Dr ORSINI Charlotte|Dr|ORSINI|Charlotte
1797|Dr RANAWANA Sujeewa|Dr|RANAWANA|Sujeewa
1798|Dr SARKIS AINTABLIAN Gabriel|Dr|SARKIS AINTABLIAN|Gabriel
1799|Dr TEPPER Sarah|Dr|TEPPER|Sarah
1800|Dr WOLF Yoann|Dr|WOLF|Yoann
1801|Dr LELIEVRE Christine|Dr|LELIEVRE|Christine
1802|Dr ARROYO Isabel|Dr|ARROYO|Isabel
1803|Dr AUFFREDOU François Pierre|Dr|AUFFREDOU|François Pierre
1804|Dr BAKIRLI Birol|Dr|BAKIRLI|Birol
1805|Dr DEVALLIERE Emilie|Dr|DEVALLIERE|Emilie
1806|Dr EMONT Renaud|Dr|EMONT|Renaud
1807|Dr GUENIN Aurélien|Dr|GUENIN|Aurélien
1808|Dr GUINEMER Sabine|Dr|GUINEMER|Sabine
1809|Dr HADJEM Ali|Dr|HADJEM|Ali
1810|Dr MAHADEVAN Pranesh|Dr|MAHADEVAN|Pranesh
1811|Dr SAHLI Firaz|Dr|SAHLI|Firaz
1812|Dr TCHANDJOU Louis Etienne|Dr|TCHANDJOU|Louis Etienne
1813|Dr ADNET Frédéric|Dr|ADNET|Frédéric
1814|Dr TOSTIVINT Isabelle|Dr|TOSTIVINT|Isabelle
1815|Dr RAPHAEL Maurice|Dr|RAPHAEL|Maurice
1816|Dr AGUILERA MUNOZ Lina|Dr|AGUILERA MUNOZ|Lina
1817|Dr DE MESTIER DU BOURG Louis|Dr|DE MESTIER DU BOURG|Louis
1818|Dr AKEKE Marion|Dr|AKEKE|Marion
1819|Dr BENZADON Judith|Dr|BENZADON|Judith
1820|Dr BRANCHEREAU Louise|Dr|BRANCHEREAU|Louise
1821|Dr GIRARD Paul|Dr|GIRARD|Paul
1822|Dr ISSILAME Yasser|Dr|ISSILAME|Yasser
1823|Dr MIR Claudia|Dr|MIR|Claudia
1824|Dr MOINARD Charlotte|Dr|MOINARD|Charlotte
1825|Dr NAPOLI Aurélien|Dr|NAPOLI|Aurélien
1826|Dr ALAZRA Bernard|Dr|ALAZRA|Bernard
1827|Dr FLEURET Clément|Dr|FLEURET|Clément
1828|Dr MISSUD David|Dr|MISSUD|David
1829|Dr HA Emilie|Dr|HA|Emilie
1830|Dr COMMIEN Laura|Dr|COMMIEN|Laura
1831|Dr VLEDUTS Seraphima|Dr|VLEDUTS|Seraphima
1832|Dr HINGLAIS Etienne|Dr|HINGLAIS|Etienne
1833|Dr BARBEROUX Vincent|Dr|BARBEROUX|Vincent
1834|Dr ABBOU Aziz|Dr|ABBOU|Aziz
1835|Dr ALAOUI Hafid|Dr|ALAOUI|Hafid
1836|Dr ALNASER Feras|Dr|ALNASER|Feras
1837|Dr BAYOUB Hasna|Dr|BAYOUB|Hasna
1838|Dr BEN ABDESSALEM Kaouthar|Dr|BEN ABDESSALEM|Kaouthar
1839|Dr BOUDDAHAB Hanane|Dr|BOUDDAHAB|Hanane
1840|Dr DEPRET VASSAL Jacqueline|Dr|DEPRET VASSAL|Jacqueline
1841|Dr DIEZ Stéphane|Dr|DIEZ|Stéphane
1842|Dr DJEBBAR Yamina|Dr|DJEBBAR|Yamina
1843|Dr FELLAG CHEBRA Fatima|Dr|FELLAG CHEBRA|Fatima
1844|Dr GACEMI Djalila|Dr|GACEMI|Djalila
1845|Dr GARNIER Clarisse|Dr|GARNIER|Clarisse
1846|Dr GUEDJ Thierry|Dr|GUEDJ|Thierry
1847|Dr HADDAD Zouhair|Dr|HADDAD|Zouhair
1848|Dr JOMO Patience|Dr|JOMO|Patience
1849|Dr KAMBOUA Mounir|Dr|KAMBOUA|Mounir
1850|Dr KAZKAZ Firas|Dr|KAZKAZ|Firas
1851|Dr LEROY Christophe|Dr|LEROY|Christophe
1852|Dr MARINEAU Maryvonne|Dr|MARINEAU|Maryvonne
1853|Dr MBEDE Yves|Dr|MBEDE|Yves
1854|Dr MZOUGHI Tarek|Dr|MZOUGHI|Tarek
1855|Dr NGUYEN Xuan Dung|Dr|NGUYEN|Xuan Dung
1856|Dr NGUYEN-THÉ Lydie|Dr|NGUYEN-THÉ|Lydie
1857|Dr NIKPAY Farah|Dr|NIKPAY|Farah
1858|Dr OSMAN Sayed|Dr|OSMAN|Sayed
1859|Dr SEMATI Yamina|Dr|SEMATI|Yamina
1860|Dr SIMISDEAN Ciprian|Dr|SIMISDEAN|Ciprian
1861|Dr STEPHAN Rolz|Dr|STEPHAN|Rolz
1862|Dr VACARU Mariana|Dr|VACARU|Mariana
1863|Dr VINCENT CASSY Christophe|Dr|VINCENT CASSY|Christophe
1864|Dr ZAGHZI Mohand|Dr|ZAGHZI|Mohand
1865|Dr LORILLON Gwenael|Dr|LORILLON|Gwenael
1866|Dr CESCON Laure|Dr|CESCON|Laure
1867|Dr BRAGANCA Adélia|Dr|BRAGANCA|Adélia
1868|Dr ELEZI Arben|Dr|ELEZI|Arben
1869|Dr ELLOUZE Sami|Dr|ELLOUZE|Sami
1870|Dr FONTAINE Jean-Paul|Dr|FONTAINE|Jean-Paul
1871|Dr FRANCHITTI Jessica|Dr|FRANCHITTI|Jessica
1872|Dr GILLET Ariane-Zoya|Dr|GILLET|Ariane-Zoya
1873|Dr HAKIM Nicolas|Dr|HAKIM|Nicolas
1874|Dr HIRSH Sylvain|Dr|HIRSH|Sylvain
1875|Dr LEGAY Léa|Dr|LEGAY|Léa
1876|Dr MILACIC Hélène|Dr|MILACIC|Hélène
1877|Dr ORGEREAU Carl|Dr|ORGEREAU|Carl
1878|Dr PAK Alireza|Dr|PAK|Alireza
1879|Dr PEYRONY Olivier|Dr|PEYRONY|Olivier
1880|Dr PITTI Lionel|Dr|PITTI|Lionel
1881|Dr PRINCIPE Alessandra|Dr|PRINCIPE|Alessandra
1882|Dr SIMONETTA Marie|Dr|SIMONETTA|Marie
1883|Dr TABOULET Pierre|Dr|TABOULET|Pierre
1884|Dr TARONI Vanina|Dr|TARONI|Vanina
1885|Dr SIBI-DIAKITE Dieyanaba|Dr|SIBI-DIAKITE|Dieyanaba
1886|Dr OGEREAU Carl|Dr|OGEREAU|Carl
1887|Dr LANDMAN Cécilia|Dr|LANDMAN|Cécilia
1888|Dr SEKSIK Philippe|Dr|SEKSIK|Philippe
1889|Dr BERTHELOT Gael|Dr|BERTHELOT|Gael
1890|Dr BILGAR Antonella|Dr|BILGAR|Antonella
1891|Dr HAAS Laurent|Dr|HAAS|Laurent
1892|Dr MEYNIEUX Ulysse|Dr|MEYNIEUX|Ulysse
1893|Dr AL FAOUR Firas|Dr|AL FAOUR|Firas
1894|Dr GIROUD Marion|Dr|GIROUD|Marion
1895|WILTHIEN Francois||WILTHIEN|Francois
1896|Dr GOUTAL Simon|Dr|GOUTAL|Simon
1897|Dr ONG You Yong|Dr|ONG|You Yong
1898|Dr TRUONG Ngoc Vy|Dr|TRUONG|Ngoc Vy
1899|Dr FORTIN Guillaume|Dr|FORTIN|Guillaume
1900|Dr MARBEUF-GUEYE Carole|Dr|MARBEUF-GUEYE|Carole
1901|Dr VILLEMANT Agnes|Dr|VILLEMANT|Agnes
1902|Dr DAVID Clemence|Dr|DAVID|Clemence
1903|Dr HAJOUJI Linda|Dr|HAJOUJI|Linda
1904|Dr STELIANIDES Sandrine|Dr|STELIANIDES|Sandrine
1905|Dr KHELIFAOUI Lysa|Dr|KHELIFAOUI|Lysa
1906|Dr TAILLE Camille|Dr|TAILLE|Camille
1907|Dr BORIE Raphael|Dr|BORIE|Raphael
1908|Dr MORER Lise|Dr|MORER|Lise
1909|Dr JOSSERAN Loic|Dr|JOSSERAN|Loic
1910|Dr SAWKA Christelle|Dr|SAWKA|Christelle
1911|LAHAM Edouard||LAHAM|Edouard
1912|Dr ROGER Anissa|Dr|ROGER|Anissa
1913|Dr FOUDI Farid|Dr|FOUDI|Farid
1914|Dr SUHL Jaehyo|Dr|SUHL|Jaehyo
1915|Dr MESSAOUDI Chanaz|Dr|MESSAOUDI|Chanaz
1916|Dr LOPEZ SUBLET Marilucy|Dr|LOPEZ SUBLET|Marilucy
1917|Dr GIROUX LEPRIEUR Benedicte|Dr|GIROUX LEPRIEUR|Benedicte
1918|Dr GHOUILES Sabrina|Dr|GHOUILES|Sabrina
1919|Dr TOUMI Houda|Dr|TOUMI|Houda
1920|Dr CARETTE Claire|Dr|CARETTE|Claire
1921|Dr BLOM Astrid|Dr|BLOM|Astrid
1922|Dr ZANKER Bertrand|Dr|ZANKER|Bertrand
1923|Dr LEPAVEC Jerome|Dr|LEPAVEC|Jerome
1924|Dr KLOECKNER Martin|Dr|KLOECKNER|Martin
1925|Dr BOULATE David|Dr|BOULATE|David
1926|Dr MERCIER Olaf|Dr|MERCIER|Olaf
1927|Dr HASCOET Sebastien|Dr|HASCOET|Sebastien
1928|Dr MOUGEOT Christine|Dr|MOUGEOT|Christine
1929|Dr BERTHIER Servane|Dr|BERTHIER|Servane
1930|Dr GIGANDON Anne|Dr|GIGANDON|Anne
1931|Dr VOISIN Olivier|Dr|VOISIN|Olivier
1932|Dr ORIEZ Constance|Dr|ORIEZ|Constance
1933|Dr GAUDILLAT Christophe|Dr|GAUDILLAT|Christophe
1934|Dr DURAND GASSELIN Bernard|Dr|DURAND GASSELIN|Bernard
1935|Dr ZARAA Ines|Dr|ZARAA|Ines
1936|Dr HUET Thomas|Dr|HUET|Thomas
1937|Dr LE MONNIER Alban|Dr|LE MONNIER|Alban
1938|Dr MIZRAHI Assaf|Dr|MIZRAHI|Assaf
1939|Dr MOURAD Jean Jacques|Dr|MOURAD|Jean Jacques
1940|Dr PILMIS Benoit|Dr|PILMIS|Benoit
1941|Dr GANANSIA Olivier|Dr|GANANSIA|Olivier
1942|Dr RAYMOND Eric|Dr|RAYMOND|Eric
1943|Dr SALMERON Sergio|Dr|SALMERON|Sergio
1944|Dr JOUVESHOMME Stephane|Dr|JOUVESHOMME|Stephane
1945|Dr JOUFFROY Pomme|Dr|JOUFFROY|Pomme
1946|Dr MICHON Ulrique|Dr|MICHON|Ulrique
1947|Dr CAUCANAS Clemence|Dr|CAUCANAS|Clemence
1948|Dr STANSAL Audrey|Dr|STANSAL|Audrey
1949|Dr DHORDAIN Catherine|Dr|DHORDAIN|Catherine
1950|Dr GUERNIOU Caroline|Dr|GUERNIOU|Caroline
1951|Dr MARCHAY Nathalie|Dr|MARCHAY|Nathalie
1952|Dr BAUMANN Clarisse|Dr|BAUMANN|Clarisse
1953|Dr MARTINEZ-VINSON Christine|Dr|MARTINEZ-VINSON|Christine
1954|Dr LENGLINE Helene|Dr|LENGLINE|Helene
1955|Dr DERAY Gilbert|Dr|DERAY|Gilbert
1956|Dr BAUMELOU Alain|Dr|BAUMELOU|Alain
1957|Dr IZZEDINE Hassan|Dr|IZZEDINE|Hassan
1958|Dr ARZOUK Nadia|Dr|ARZOUK|Nadia
1959|Dr TOURRET Jerome|Dr|TOURRET|Jerome
1960|Dr VENDITTO Marcia|Dr|VENDITTO|Marcia
1961|Dr ISSAD Belkacem|Dr|ISSAD|Belkacem
1962|Dr CAZENAVE Maud|Dr|CAZENAVE|Maud
1963|Dr SZUMILAK Dorota|Dr|SZUMILAK|Dorota
1964|Dr GARCIA Hugo|Dr|GARCIA|Hugo
1965|Dr MERAZGA Sihem|Dr|MERAZGA|Sihem
1966|Dr POIGNET Jean Louis|Dr|POIGNET|Jean Louis
1967|Dr GALICHON Pierre|Dr|GALICHON|Pierre
1968|Dr BARROU Benoit|Dr|BARROU|Benoit
1969|Dr MOHAMADOU Inna|Dr|MOHAMADOU|Inna
